IMO,Navio,Operação,Comp(m),DWT,Carga,Qtd.Carga,Calado(m),Agência,Prev Chegada,Ultima Atualização
9423566,GREAT SEA,EXPORTAÇÃO,196,53.022,CELULOSE,140,10,WILSON SONS SHIPPING SERVICES LTDA,26/06/23,19/06/23
9638501,THOR CHAICHANA,IMPORTAÇÃO,197,58.605,FERTILIZANTES,47.350,11,WORLD SHIPPING SLZ AGENCIAMENTOS MARITIMOS LTDA,08/07/23,19/06/23
9801718,SCARLETT MANX,IMPORTAÇÃO,200,63.878,FERTILIZANTES,21.650,11.5,WILSON SONS SHIPPING SERVICES LTDA,03/07/23,19/06/23
9732424,AMIS JUSTICE,IMPORTAÇÃO,200,63.531,MAP,40.000,10.2,ROCHAMAR,09/07/23,19/06/23
9534470,INDUSTRIAL MERCHANT,IMPORTAÇÃO,116,10.049,OUTROS,252.530,6.9,ORION RODOS,24/06/23,19/06/23
9717072,MEGHNA SUN,IMPORTAÇÃO,190,58,FERTILIZANTES,16.700,11.5,LBH BRASIL,20/07/23,19/06/23
9791963,INCHEON BAY,IMPORTAÇÃO,180,37.501,FERTILIZANTES,4.400,10.5,LBH BRASIL,29/06/23,19/06/23
9721425,FRIEDERIKE SCHULTE,IMPORTAÇÃO,179,38.709,FERTILIZANTES,12.000,10.5,AMART SERVICES,28/06/23,19/06/23
9727182,LOWLANDS HOPE,IMPORTAÇÃO,200,60.063,OUTS.ADUBOS/FERTILIZ.MINER.QUIM.C/NITROGENIO,19.600,10.5,WILSON SONS SHIPPING SERVICES LTDA,20/06/23,19/06/23
9719331,KIBO,IMPORTAÇÃO,182,38.896,FERTILIZANTES,14.251,8,LBH BRASIL,03/07/23,19/06/23
9832456,EUCALYPTUS,IMPORTAÇÃO,180,36.300,FERTILIZANTES,7.000,10.2,LBH BRASIL,07/07/23,19/06/23
9703514,GENTLE SEAS,IMPORTAÇÃO,200,63.350,FERTILIZANTES,14.950,7,WILHELMSEN PORT SERVICES BRASIL LTDA,17/07/23,19/06/23
9599004,SEAMEC GALLANT,IMPORTAÇÃO,180,32.289,MAP,6.862,9.5,ORION RODOS,09/07/23,19/06/23
9956185,GITA,EXPORTAÇÃO,229,82.136,SOJA,70.841,7,ALPHAMAR,23/06/23,19/06/23
9928372,HSL VEGAS,EXPORTAÇÃO,229,81.981,SOJA,72.000,7.4,ALPHAMAR,13/06/23,19/06/23
9597800,SYROS I,EXPORTAÇÃO,229,81.370,SOJA,65.000,6.9,FERTIMPORT,20/06/23,19/06/23
9481465,JOY,EXPORTAÇÃO,229,79.457,SOJA,65.000,7.65,FERTIMPORT,20/06/23,19/06/23
9589267,FARMER,EXPORTAÇÃO,229,81.541,SOJA,66.000,7.9,CARGONAVE,22/06/23,19/06/23
9597123,YASA FALCON,EXPORTAÇÃO,229,81.488,SOJA,69.300,7.1,L.M.A. SHIPPING & CONSULTING,21/06/23,19/06/23
9418444,KESARIA,EXPORTAÇÃO,229,81.932,SOJA,66.000,7,ALPHAMAR,25/06/23,19/06/23
9718739,ARSINOE,EXPORTAÇÃO,229,81.616,MILHO,73.500,7.9,CARGONAVE,30/06/23,19/06/23
9422940,MYRSINI,EXPORTAÇÃO,229,82.117,SOJA,66.000,7.2,LBH BRASIL,28/06/23,19/06/23
9749908,SAKIZAYA KALON,EXPORTAÇÃO,229,81.691,SOJA,78.830,7.4,LBH BRASIL,28/06/23,19/06/23
9758404,STALO,EXPORTAÇÃO,229,81.802,SOJA,71.102,6,LBH BRASIL,27/06/23,19/06/23
9468815,BOLERO,IMPORTAÇÃO,189,50.094,OLEO.COMBUSTÍVEL,4.000,9,LACHMANN,09/06/23,19/06/23
9343209,TORM CAVATINA,IMPORTAÇÃO,183,46.067,OUTRAS,25.100,8,WILSON SONS SHIPPING SERVICES LTDA,23/06/23,19/06/23
9315733,JAG PUSHPA,TRANSBORDO,183,48,GASOLINA,22.000,7,WORLD SHIPPING SLZ AGENCIAMENTOS MARITIMOS LTDA,28/06/23,19/06/23
9559200,DN 204,TRANSBORDO,29,381,BUNKER,3.000,2.44,ORION RODOS,26/02/22,19/06/23
9144380,BRAGE R,TRANSBORDO,89,3.200,DIESEL,200,4,OCEANMAR SERVIÇOS MARÍTIMOS LTDA,20/09/21,19/06/23
9664952,ANDREAS PETRAKIS,EXPORTAÇÃO,225,75.999,SOJA,66.000,7.9,CARGONAVE,24/06/23,19/06/23
9583172,SEA BIRD,EXPORTAÇÃO,229,82.177,SOJA,69.400,7.13,CARGONAVE,22/06/23,19/06/23
9279800,PEDHOULAS MERCHANT,EXPORTAÇÃO,229,82.164,SOJA,65.000,7.2,LBH BRASIL,22/06/23,19/06/23
9580120,GOLF,EXPORTAÇÃO,180,35.445,COBRE,161,7,WILHELMSEN PORT SERVICES BRASIL LTDA,17/04/22,19/06/23
9418119,HORIZON ELECTRA,IMPORTAÇÃO,183,49.999,DIESEL,6.240,10,NORTH STAR,29/06/23,19/06/23
9848338,MARITIME TRANQUILITY,IMPORTAÇÃO,183,49.999,DIESEL,33.171,11.6,LBH BRASIL,20/06/23,19/06/23
9423566,GREAT SEA,EXPORTAÇÃO,196,53.022,CELULOSE,14.000,10,WILSON SONS SHIPPING SERVICES LTDA,26/06/23,22/06/23
9801718,SCARLETT MANX,IMPORTAÇÃO,200,63.878,FERTILIZANTES,21.650,11.5,WILSON SONS SHIPPING SERVICES LTDA,04/07/23,22/06/23
9638501,THOR CHAICHANA,IMPORTAÇÃO,197,58.605,FERTILIZANTES,47.350,11,WORLD SHIPPING SLZ AGENCIAMENTOS MARITIMOS LTDA,09/07/23,22/06/23
9732424,AMIS JUSTICE,IMPORTAÇÃO,200,63.531,MAP,40.000,10.2,ROCHAMAR,09/07/23,22/06/23
9534470,INDUSTRIAL MERCHANT,IMPORTAÇÃO,116,10.049,OUTROS,252.530,6.9,ORION RODOS,26/06/23,22/06/23
9717072,MEGHNA SUN,IMPORTAÇÃO,190,58,FERTILIZANTES,16.700,11.5,LBH BRASIL,20/07/23,22/06/23
9721425,FRIEDERIKE SCHULTE,IMPORTAÇÃO,179,38.709,FERTILIZANTES,12.000,10.5,AMART SERVICES,28/06/23,22/06/23
9791963,INCHEON BAY,IMPORTAÇÃO,180,37.501,FERTILIZANTES,4.400,10.5,LBH BRASIL,29/06/23,22/06/23
9385166,ECO ANGELBAY,IMPORTAÇÃO,175,32.165,FERTILIZANTES,12.050,8,WILHELMSEN PORT SERVICES BRASIL LTDA,16/07/23,22/06/23
9719331,KIBO,IMPORTAÇÃO,182,38.896,FERTILIZANTES,14.251,8,LBH BRASIL,03/07/23,22/06/23
9832456,EUCALYPTUS,IMPORTAÇÃO,180,36.300,FERTILIZANTES,7.000,10.2,LBH BRASIL,07/07/23,22/06/23
9703514,GENTLE SEAS,IMPORTAÇÃO,200,63.350,FERTILIZANTES,14.950,7,WILHELMSEN PORT SERVICES BRASIL LTDA,17/07/23,22/06/23
9599004,SEAMEC GALLANT,IMPORTAÇÃO,180,32.289,MAP,6.862,9.5,ORION RODOS,09/07/23,22/06/23
9933248,AQUAPRIMA,EXPORTAÇÃO,229,82,MILHO,71.400,7.9,CARGONAVE,04/07/23,22/06/23
9597800,SYROS I,EXPORTAÇÃO,229,81.370,SOJA,65.000,6.9,FERTIMPORT,20/06/23,22/06/23
9758404,STALO,EXPORTAÇÃO,229,81.802,SOJA,71.102,6,LBH BRASIL,27/06/23,22/06/23
9956185,GITA,EXPORTAÇÃO,229,82.136,SOJA,70.841,7,ALPHAMAR,23/06/23,22/06/23
9928372,HSL VEGAS,EXPORTAÇÃO,229,81.981,SOJA,72.000,7.4,ALPHAMAR,13/06/23,22/06/23
9749908,SAKIZAYA KALON,EXPORTAÇÃO,229,81.691,SOJA,78.830,7.4,LBH BRASIL,27/06/23,22/06/23
9597123,YASA FALCON,EXPORTAÇÃO,229,81.488,SOJA,69.300,7.1,L.M.A. SHIPPING & CONSULTING,21/06/23,22/06/23
9418444,KESARIA,EXPORTAÇÃO,229,81.932,SOJA,66.000,7,ALPHAMAR,25/06/23,22/06/23
9311189,MV GLORY CUIABA,EXPORTAÇÃO,225,75.886,SOJA,66.471,7.5,L.M.A. SHIPPING & CONSULTING,26/06/23,22/06/23
9582453,STAR ASTRID,EXPORTAÇÃO,229,82.158,SOJA,66.000,7,ALPHAMAR,02/07/23,22/06/23
9718739,ARSINOE,EXPORTAÇÃO,229,81.616,MILHO,73.500,7.9,CARGONAVE,30/06/23,22/06/23
9422940,MYRSINI,EXPORTAÇÃO,229,82.117,SOJA,66.000,7.2,LBH BRASIL,28/06/23,22/06/23
9144380,BRAGE R,TRANSBORDO,89,3.200,DIESEL,200,4,OCEANMAR SERVIÇOS MARÍTIMOS LTDA,20/09/21,22/06/23
9559200,DN 204,TRANSBORDO,29,381,BUNKER,3.000,2.44,ORION RODOS,26/02/22,22/06/23
9669885,BOW TRIBUTE,IMPORTAÇÃO,183,49.622,HIDRÓXIDO,6.000,9.2,LBH BRASIL,01/07/23,22/06/23
9664952,ANDREAS PETRAKIS,EXPORTAÇÃO,225,75.999,SOJA,66.000,7.9,CARGONAVE,24/06/23,22/06/23
9580120,GOLF,EXPORTAÇÃO,180,35.445,COBRE,161,7,WILHELMSEN PORT SERVICES BRASIL LTDA,17/04/22,22/06/23
9315733,JAG PUSHPA,TRANSBORDO,183,47.848,GASOLINA,22.000,7,WORLD SHIPPING SLZ AGENCIAMENTOS MARITIMOS LTDA,28/06/23,22/06/23
9468815,BOLERO,IMPORTAÇÃO,189,50.094,OLEO.COMBUSTÍVEL,4.000,9,LACHMANN,09/06/23,22/06/23
9343209,TORM CAVATINA,IMPORTAÇÃO,183,46.067,OUTRAS,25.100,8,WILSON SONS SHIPPING SERVICES LTDA,24/06/23,22/06/23
9753703,HAFNIA TANZANITE,IMPORTAÇÃO,183,44.999,GASOLINAS,35.974,11.2,LACHMANN,22/06/23,22/06/23
9700342,SEAWAYS LOOKOUT,IMPORTAÇÃO,183,50.135,GASOLINA,17.778,9.5,WILSON SONS SHIPPING SERVICES LTDA,27/06/23,22/06/23
9418119,HORIZON ELECTRA,IMPORTAÇÃO,183,49.999,DIESEL,6.240,10,NORTH STAR,29/06/23,22/06/23
9423566,GREAT SEA,EXPORTAÇÃO,196,53.022,CELULOSE,14.000,10,WILSON SONS SHIPPING SERVICES LTDA,26/06/23,23/06/23
9107306,PINE ARROW,EXPORTAÇÃO,190,48.041,CELULOSE,40.500,7.2,WILSON SONS SHIPPING SERVICES LTDA,02/07/23,23/06/23
9534470,INDUSTRIAL MERCHANT,IMPORTAÇÃO,116,10.049,OUTROS,252.530,6.9,ORION RODOS,26/06/23,23/06/23
9832456,EUCALYPTUS,IMPORTAÇÃO,180,36.300,FERTILIZANTES,7.000,10.2,LBH BRASIL,07/07/23,23/06/23
9732424,AMIS JUSTICE,IMPORTAÇÃO,200,63.531,MAP,40.000,10.2,ROCHAMAR,09/07/23,23/06/23
9638501,THOR CHAICHANA,IMPORTAÇÃO,197,58.605,FERTILIZANTES,47.350,11,WORLD SHIPPING SLZ AGENCIAMENTOS MARITIMOS LTDA,09/07/23,23/06/23
9717072,MEGHNA SUN,IMPORTAÇÃO,190,58,FERTILIZANTES,16.700,11.5,LBH BRASIL,21/07/23,23/06/23
9801718,SCARLETT MANX,IMPORTAÇÃO,200,63.878,FERTILIZANTES,14.650,11.5,WILSON SONS SHIPPING SERVICES LTDA,14/07/23,23/06/23
9791963,INCHEON BAY,IMPORTAÇÃO,180,37.501,FERTILIZANTES,4.400,10.5,LBH BRASIL,29/06/23,23/06/23
9721425,FRIEDERIKE SCHULTE,IMPORTAÇÃO,179,38.709,FERTILIZANTES,12.000,10.5,AMART SERVICES,28/06/23,23/06/23
9385166,ECO ANGELBAY,IMPORTAÇÃO,175,32.165,FERTILIZANTES,12.050,8,WILHELMSEN PORT SERVICES BRASIL LTDA,21/07/23,23/06/23
9697832,FEDERAL BERING,IMPORTAÇÃO,200,34.564,MOP,20.842,6.1,ORION RODOS,22/07/23,23/06/23
9719331,KIBO,IMPORTAÇÃO,182,38.896,FERTILIZANTES,14.251,8,LBH BRASIL,06/07/23,23/06/23
9599004,SEAMEC GALLANT,IMPORTAÇÃO,180,32.289,MAP,6.862,9.5,ORION RODOS,09/07/23,23/06/23
9684225,STAR MISTRAL,IMPORTAÇÃO,199,63.306,MOP,19.547,10.8,ORION RODOS,29/07/23,23/06/23
9703514,GENTLE SEAS,IMPORTAÇÃO,200,63.350,FERTILIZANTES,14.950,7,WILHELMSEN PORT SERVICES BRASIL LTDA,17/07/23,23/06/23
9758404,STALO,EXPORTAÇÃO,229,81.802,SOJA,71.102,6,LBH BRASIL,27/06/23,23/06/23
9928372,HSL VEGAS,EXPORTAÇÃO,229,81.981,SOJA,72.000,7.4,ALPHAMAR,13/06/23,23/06/23
9774850,SPAR NORMA,EXPORTAÇÃO,200,63.165,SOJA,51.930,7,ALPHAMAR,16/06/23,23/06/23
9311189,MV GLORY CUIABA,EXPORTAÇÃO,225,75.886,SOJA,66.471,7.5,L.M.A. SHIPPING & CONSULTING,26/06/23,23/06/23
9933248,AQUAPRIMA,EXPORTAÇÃO,229,82,MILHO,71.400,7.9,CARGONAVE,04/07/23,23/06/23
9597123,YASA FALCON,EXPORTAÇÃO,229,81.488,SOJA,69.300,7.1,L.M.A. SHIPPING & CONSULTING,21/06/23,23/06/23
9718739,ARSINOE,EXPORTAÇÃO,229,81.616,MILHO,73.500,7.9,CARGONAVE,30/06/23,23/06/23
9641704,MAGIC CALLISTO,EXPORTAÇÃO,225,74.930,MILHO,67.200,7,ALPHAMAR,01/07/23,23/06/23
9582453,STAR ASTRID,EXPORTAÇÃO,229,82.158,SOJA,66.000,7,ALPHAMAR,02/07/23,23/06/23
9422940,MYRSINI,EXPORTAÇÃO,229,82.117,SOJA,66.000,7.2,LBH BRASIL,28/06/23,23/06/23
9749908,SAKIZAYA KALON,EXPORTAÇÃO,229,81.691,SOJA,78.830,7.4,LBH BRASIL,27/06/23,23/06/23
9602772,INES CORRADO,EXPORTAÇÃO,229,81.263,SOJA,64.030,8.1,ORION RODOS,29/06/23,23/06/23
9418444,KESARIA,EXPORTAÇÃO,229,81.932,SOJA,66.000,7,ALPHAMAR,25/06/23,23/06/23
9144380,BRAGE R,TRANSBORDO,89,3.200,DIESEL,200,4,OCEANMAR SERVIÇOS MARÍTIMOS LTDA,20/09/21,23/06/23
9559200,DN 204,TRANSBORDO,29,381,BUNKER,3.000,2.44,ORION RODOS,26/02/22,23/06/23
9315733,JAG PUSHPA,TRANSBORDO,183,47.848,GASOLINA,22.000,7,WORLD SHIPPING SLZ AGENCIAMENTOS MARITIMOS LTDA,28/06/23,23/06/23
9343209,TORM CAVATINA,IMPORTAÇÃO,183,46.067,OUTRAS,25.100,8,WILSON SONS SHIPPING SERVICES LTDA,24/06/23,23/06/23
9468815,BOLERO,IMPORTAÇÃO,189,50.094,OLEO.COMBUSTÍVEL,4.000,9,LACHMANN,09/06/23,23/06/23
9664952,ANDREAS PETRAKIS,EXPORTAÇÃO,225,75.999,SOJA,66.000,7.9,CARGONAVE,24/06/23,23/06/23
9580120,GOLF,EXPORTAÇÃO,180,35.445,COBRE,161,7,WILHELMSEN PORT SERVICES BRASIL LTDA,17/04/22,23/06/23
9700342,SEAWAYS LOOKOUT,IMPORTAÇÃO,183,50.135,GASOLINA,17.778,9.5,WILSON SONS SHIPPING SERVICES LTDA,27/06/23,23/06/23
9418119,HORIZON ELECTRA,IMPORTAÇÃO,183,49.999,DIESEL,6.240,10,NORTH STAR,29/06/23,23/06/23
9753703,HAFNIA TANZANITE,IMPORTAÇÃO,183,44.999,GASOLINAS,35.974,11.2,LACHMANN,22/06/23,23/06/23
9423566,GREAT SEA,EXPORTAÇÃO,196,53.022,CELULOSE,14.000,10,WILSON SONS SHIPPING SERVICES LTDA,26/06/23,24/06/23
9107306,PINE ARROW,EXPORTAÇÃO,190,48.041,CELULOSE,40.500,7.2,WILSON SONS SHIPPING SERVICES LTDA,02/07/23,24/06/23
9732424,AMIS JUSTICE,IMPORTAÇÃO,200,63.531,MAP,40.000,10.2,ROCHAMAR,09/07/23,24/06/23
9638501,THOR CHAICHANA,IMPORTAÇÃO,197,58.605,FERTILIZANTES,47.350,11,WORLD SHIPPING SLZ AGENCIAMENTOS MARITIMOS LTDA,09/07/23,24/06/23
9534470,INDUSTRIAL MERCHANT,IMPORTAÇÃO,116,10.049,OUTROS,252.530,6.9,ORION RODOS,26/06/23,24/06/23
9717072,MEGHNA SUN,IMPORTAÇÃO,190,58,FERTILIZANTES,16.700,11.5,LBH BRASIL,21/07/23,24/06/23
9801718,SCARLETT MANX,IMPORTAÇÃO,200,63.878,FERTILIZANTES,14.650,11.5,WILSON SONS SHIPPING SERVICES LTDA,14/07/23,24/06/23
9791963,INCHEON BAY,IMPORTAÇÃO,180,37.501,FERTILIZANTES,4.400,10.5,LBH BRASIL,29/06/23,24/06/23
9721425,FRIEDERIKE SCHULTE,IMPORTAÇÃO,179,38.709,FERTILIZANTES,12.000,10.5,AMART SERVICES,28/06/23,24/06/23
9385166,ECO ANGELBAY,IMPORTAÇÃO,175,32.165,FERTILIZANTES,12.050,8,WILHELMSEN PORT SERVICES BRASIL LTDA,21/07/23,24/06/23
9832456,EUCALYPTUS,IMPORTAÇÃO,180,36.300,FERTILIZANTES,7.000,10.2,LBH BRASIL,07/07/23,24/06/23
9697832,FEDERAL BERING,IMPORTAÇÃO,200,34.564,MOP,20.842,6.1,ORION RODOS,22/07/23,24/06/23
9719331,KIBO,IMPORTAÇÃO,182,38.896,FERTILIZANTES,14.251,8,LBH BRASIL,06/07/23,24/06/23
9599004,SEAMEC GALLANT,IMPORTAÇÃO,180,32.289,MAP,6.862,9.5,ORION RODOS,09/07/23,24/06/23
9684225,STAR MISTRAL,IMPORTAÇÃO,199,63.306,MOP,19.547,10.8,ORION RODOS,29/07/23,24/06/23
9703514,GENTLE SEAS,IMPORTAÇÃO,200,63.350,FERTILIZANTES,14.950,7,WILHELMSEN PORT SERVICES BRASIL LTDA,17/07/23,24/06/23
9311189,MV GLORY CUIABA,EXPORTAÇÃO,225,75.886,SOJA,66.471,7.5,L.M.A. SHIPPING & CONSULTING,26/06/23,24/06/23
9718739,ARSINOE,EXPORTAÇÃO,229,81.616,MILHO,73.500,7.9,CARGONAVE,30/06/23,24/06/23
9928372,HSL VEGAS,EXPORTAÇÃO,229,81.981,SOJA,72.000,7.4,ALPHAMAR,13/06/23,24/06/23
9758404,STALO,EXPORTAÇÃO,229,81.802,SOJA,71.102,6,LBH BRASIL,27/06/23,24/06/23
9774850,SPAR NORMA,EXPORTAÇÃO,200,63.165,SOJA,51.930,7,ALPHAMAR,16/06/23,24/06/23
9597123,YASA FALCON,EXPORTAÇÃO,229,81.488,SOJA,69.300,7.1,L.M.A. SHIPPING & CONSULTING,21/06/23,24/06/23
9602772,INES CORRADO,EXPORTAÇÃO,229,81.263,SOJA,64.030,8.1,ORION RODOS,29/06/23,24/06/23
9641704,MAGIC CALLISTO,EXPORTAÇÃO,225,74.930,MILHO,67.200,7,ALPHAMAR,01/07/23,24/06/23
9582453,STAR ASTRID,EXPORTAÇÃO,229,82.158,SOJA,66.000,7,ALPHAMAR,02/07/23,24/06/23
9422940,MYRSINI,EXPORTAÇÃO,229,82.117,SOJA,66.000,7.2,LBH BRASIL,28/06/23,24/06/23
9933248,AQUAPRIMA,EXPORTAÇÃO,229,82,MILHO,71.400,7.9,CARGONAVE,04/07/23,24/06/23
9749908,SAKIZAYA KALON,EXPORTAÇÃO,229,81.691,SOJA,78.830,7.4,LBH BRASIL,27/06/23,24/06/23
9418444,KESARIA,EXPORTAÇÃO,229,81.932,SOJA,66.000,7,ALPHAMAR,25/06/23,24/06/23
9144380,BRAGE R,TRANSBORDO,89,3.200,DIESEL,200,4,OCEANMAR SERVIÇOS MARÍTIMOS LTDA,20/09/21,24/06/23
9559200,DN 204,TRANSBORDO,29,381,BUNKER,3.000,2.44,ORION RODOS,26/02/22,24/06/23
9343209,TORM CAVATINA,IMPORTAÇÃO,183,46.067,OUTRAS,25.100,8,WILSON SONS SHIPPING SERVICES LTDA,24/06/23,24/06/23
9468815,BOLERO,IMPORTAÇÃO,189,50.094,OLEO.COMBUSTÍVEL,4.000,9,LACHMANN,09/06/23,24/06/23
9315733,JAG PUSHPA,TRANSBORDO,183,47.848,GASOLINA,22.000,7,WORLD SHIPPING SLZ AGENCIAMENTOS MARITIMOS LTDA,28/06/23,24/06/23
9664952,ANDREAS PETRAKIS,EXPORTAÇÃO,225,75.999,SOJA,66.000,7.9,CARGONAVE,24/06/23,24/06/23
9580120,GOLF,EXPORTAÇÃO,180,35.445,COBRE,161,7,WILHELMSEN PORT SERVICES BRASIL LTDA,17/04/22,24/06/23
9700342,SEAWAYS LOOKOUT,IMPORTAÇÃO,183,50.135,GASOLINA,17.778,9.5,WILSON SONS SHIPPING SERVICES LTDA,27/06/23,24/06/23
9418119,HORIZON ELECTRA,IMPORTAÇÃO,183,49.999,DIESEL,6.240,10,NORTH STAR,29/06/23,24/06/23
9753703,HAFNIA TANZANITE,IMPORTAÇÃO,183,44.999,GASOLINAS,35.974,11.2,LACHMANN,22/06/23,24/06/23
9107306,PINE ARROW,EXPORTAÇÃO,190,48.041,CELULOSE,40.500,7.2,WILSON SONS SHIPPING SERVICES LTDA,02/07/23,27/06/23
9732424,AMIS JUSTICE,IMPORTAÇÃO,200,63.531,MAP,40.000,10.2,ROCHAMAR,11/07/23,27/06/23
9638501,THOR CHAICHANA,IMPORTAÇÃO,197,58.605,FERTILIZANTES,47.350,11,WORLD SHIPPING SLZ AGENCIAMENTOS MARITIMOS LTDA,09/07/23,27/06/23
9596832,DARCY RIBEIRO,IMPORTAÇÃO,117,5.583,GLP,3.500,7,LACHMANN,29/06/23,27/06/23
9717072,MEGHNA SUN,IMPORTAÇÃO,190,58,FERTILIZANTES,16.700,11.5,LBH BRASIL,21/07/23,27/06/23
9721425,FRIEDERIKE SCHULTE,IMPORTAÇÃO,179,38.709,FERTILIZANTES,12.000,10.5,AMART SERVICES,29/06/23,27/06/23
9801718,SCARLETT MANX,IMPORTAÇÃO,200,63.878,FERTILIZANTES,14.650,11.5,WILSON SONS SHIPPING SERVICES LTDA,14/07/23,27/06/23
9791963,INCHEON BAY,IMPORTAÇÃO,180,37.501,FERTILIZANTES,4.403,10.5,LBH BRASIL,29/06/23,27/06/23
9385166,ECO ANGELBAY,IMPORTAÇÃO,175,32.165,FERTILIZANTES,12.050,8,WILHELMSEN PORT SERVICES BRASIL LTDA,21/07/23,27/06/23
9719331,KIBO,IMPORTAÇÃO,182,38.896,FERTILIZANTES,14.251,8,LBH BRASIL,07/07/23,27/06/23
9671058,FEDERAL CHAMPLAIN,EXPORTAÇÃO,200,34.564,COBRE,11.550,7,WILHELMSEN PORT SERVICES BRASIL LTDA,13/07/23,27/06/23
9697832,FEDERAL BERING,IMPORTAÇÃO,200,34.564,MOP,20.842,6.1,ORION RODOS,10/07/23,27/06/23
9832456,EUCALYPTUS,IMPORTAÇÃO,180,36.300,FERTILIZANTES,7.000,10.2,LBH BRASIL,07/07/23,27/06/23
9703514,GENTLE SEAS,IMPORTAÇÃO,200,63.350,FERTILIZANTES,14.950,7,WILHELMSEN PORT SERVICES BRASIL LTDA,19/07/23,27/06/23
9684225,STAR MISTRAL,IMPORTAÇÃO,199,63.306,MOP,19.547,10.8,ORION RODOS,02/08/23,27/06/23
9599004,SEAMEC GALLANT,IMPORTAÇÃO,180,32.289,MAP,6.862,10.22,ORION RODOS,12/07/23,27/06/23
9422940,MYRSINI,EXPORTAÇÃO,229,82.117,SOJA,66.000,7.2,LBH BRASIL,28/06/23,27/06/23
9597123,YASA FALCON,EXPORTAÇÃO,229,81.488,SOJA,69.300,7.1,L.M.A. SHIPPING & CONSULTING,21/06/23,27/06/23
9718739,ARSINOE,EXPORTAÇÃO,229,81.616,MILHO,73.975,7.9,CARGONAVE,29/06/23,27/06/23
9749908,SAKIZAYA KALON,EXPORTAÇÃO,229,81.691,SOJA,78.830,7.4,LBH BRASIL,28/06/23,27/06/23
9461192,AEOLIAN FORTUNE,EXPORTAÇÃO,229,82.099,SOJA,68.550,7.56,CARGONAVE,04/07/23,27/06/23
9418444,KESARIA,EXPORTAÇÃO,229,81.932,SOJA,66.000,7,ALPHAMAR,25/06/23,27/06/23
9641704,MAGIC CALLISTO,EXPORTAÇÃO,225,74.930,MILHO,67.200,7,ALPHAMAR,01/07/23,27/06/23
9311189,MV GLORY CUIABA,EXPORTAÇÃO,225,75.886,SOJA,66.471,7.5,L.M.A. SHIPPING & CONSULTING,26/06/23,27/06/23
9582453,STAR ASTRID,EXPORTAÇÃO,229,82.158,SOJA,66.000,7,ALPHAMAR,02/07/23,27/06/23
9933248,AQUAPRIMA,EXPORTAÇÃO,229,82,MILHO,71.400,7.9,CARGONAVE,04/07/23,27/06/23
9144380,BRAGE R,TRANSBORDO,89,3.200,DIESEL,200,4,OCEANMAR SERVIÇOS MARÍTIMOS LTDA,20/09/21,27/06/23
9468815,BOLERO,IMPORTAÇÃO,189,50.094,OLEO.COMBUSTÍVEL,4.000,9,LACHMANN,09/06/23,27/06/23
9559200,DN 204,TRANSBORDO,29,381,BUNKER,3.000,2.44,ORION RODOS,26/02/22,27/06/23
9580120,GOLF,EXPORTAÇÃO,180,35.445,COBRE,161,7,WILHELMSEN PORT SERVICES BRASIL LTDA,17/04/22,27/06/23
9587477,AM POINT LISAS,EXPORTAÇÃO,229,93.191,SOJA,70.000,9.14,FERTIMPORT,27/06/23,27/06/23
9602772,INES CORRADO,EXPORTAÇÃO,229,81.263,SOJA,64.030,7.77,ORION RODOS,29/06/23,27/06/23
9343209,TORM CAVATINA,IMPORTAÇÃO,183,46.067,OUTRAS,25.100,8,WILSON SONS SHIPPING SERVICES LTDA,24/06/23,27/06/23
9418119,HORIZON ELECTRA,IMPORTAÇÃO,183,49.999,DIESEL,6.240,10,NORTH STAR,29/06/23,27/06/23
9753703,HAFNIA TANZANITE,IMPORTAÇÃO,183,44.999,GASOLINAS,35.974,11.2,LACHMANN,22/06/23,27/06/23
9538141,ALHENA,IMPORTAÇÃO,183,52.420,QUEROSENES,3.600,8,LACHMANN,27/06/23,27/06/23
9824980,GRANDIS,EXPORTAÇÃO,202,62.353,CELULOSE,19.392,7,WILSON SONS SHIPPING SERVICES LTDA,11/07/23,06/07/23
9824992,ROBUSTA,EXPORTAÇÃO,202,62.362,CELULOSE,590,7,WILSON SONS SHIPPING SERVICES LTDA,14/07/23,06/07/23
9860623,SANTA INES,EXPORTAÇÃO,200,63.449,CONCENTRADO.COBRE,13.500,11.25,GEM,13/07/23,06/07/23
9603805,STAR LUSTER,IMPORTAÇÃO,204,50.740,MES9,5.400,12.6,ROCHAMAR,11/07/23,06/07/23
9606833,FEDERAL SKYE,IMPORTAÇÃO,190,37.133,ANTRACITA,33.000,9.65,ISS MARINE,20/07/23,06/07/23
9732424,AMIS JUSTICE,IMPORTAÇÃO,200,63.531,MAP,40.000,10.2,ROCHAMAR,11/07/23,06/07/23
9263069,MORNINGSTAR,IMPORTAÇÃO,190,46.859,MES9,23.403,9.62,ROCHAMAR,18/07/23,06/07/23
9717072,MEGHNA SUN,IMPORTAÇÃO,190,58,FERTILIZANTES,16.700,11.5,LBH BRASIL,21/07/23,06/07/23
9808340,CIELO DI IYO,IMPORTAÇÃO,183,37.204,MOP,35.680,10.4,LACHMANN,13/07/23,06/07/23
9638501,THOR CHAICHANA,IMPORTAÇÃO,197,58.605,FERTILIZANTES,47.350,11,WORLD SHIPPING SLZ AGENCIAMENTOS MARITIMOS LTDA,09/07/23,06/07/23
9684225,STAR MISTRAL,IMPORTAÇÃO,199,63.306,MOP,19.547,10.8,ORION RODOS,05/08/23,06/07/23
9719331,KIBO,IMPORTAÇÃO,182,38.896,FERTILIZANTES,14.251,6.5,LBH BRASIL,07/07/23,06/07/23
9385166,ECO ANGELBAY,IMPORTAÇÃO,175,32.165,FERTILIZANTES,13.400,8,WILHELMSEN PORT SERVICES BRASIL LTDA,29/07/23,06/07/23
9537264,AKSON SANDRA,IMPORTAÇÃO,190,38.405,FERTILIZANTES,13.997,8.5,WILSON SONS SHIPPING SERVICES LTDA,18/07/23,06/07/23
9599004,SEAMEC GALLANT,IMPORTAÇÃO,180,32.289,MAP,6.862,10.22,ORION RODOS,11/07/23,06/07/23
9703514,GENTLE SEAS,IMPORTAÇÃO,200,63.350,FERTILIZANTES,14.950,7,WILHELMSEN PORT SERVICES BRASIL LTDA,19/07/23,06/07/23
9801718,SCARLETT MANX,IMPORTAÇÃO,200,63.878,FERTILIZANTES,14.650,11.5,WILSON SONS SHIPPING SERVICES LTDA,17/07/23,06/07/23
9356402,UNISPIRIT,IMPORTAÇÃO,132,9.775,TRILHOS,4.306,7,HARMS E CIA,13/07/23,06/07/23
9671058,FEDERAL CHAMPLAIN,EXPORTAÇÃO,200,34.564,COBRE,11.550,7,WILHELMSEN PORT SERVICES BRASIL LTDA,16/07/23,06/07/23
9832456,EUCALYPTUS,IMPORTAÇÃO,180,36.300,FERTILIZANTES,7.000,10.2,LBH BRASIL,08/07/23,06/07/23
9697832,FEDERAL BERING,IMPORTAÇÃO,200,34.564,MOP,20.842,8.3,ORION RODOS,11/07/23,06/07/23
9938779,CL XIANGXI,EXPORTAÇÃO,229,82.328,SOJA,66.000,7,ALPHAMAR,07/07/23,06/07/23
9702728,MV AGIOS NIKOLAS,EXPORTAÇÃO,190,57.902,MILHO,47.000,6,LBH BRASIL,15/07/23,06/07/23
9641704,MAGIC CALLISTO,EXPORTAÇÃO,225,74.930,MILHO,67.200,7,ALPHAMAR,01/07/23,06/07/23
9589255,BUILDER,EXPORTAÇÃO,229,81.541,SOJA,693,7.47,ALPHAMAR,07/07/23,06/07/23
9774472,KANG MAY,EXPORTAÇÃO,228,85.001,SOJA,65.000,7.54,FERTIMPORT,12/07/23,06/07/23
9591997,PHOENIX OCEAN,EXPORTAÇÃO,225,76.067,SOJA,66.612,7,LBH BRASIL,09/07/23,06/07/23
9802308,GOODWYN ISLAND,EXPORTAÇÃO,200,63.963,SOJA,66.000,6.9,CARGONAVE,05/07/23,06/07/23
9697868,SAKIZAYA DIAMOND,EXPORTAÇÃO,229,81.938,SOJA,70.500,7.13,LBH BRASIL,11/07/23,06/07/23
9144380,BRAGE R,TRANSBORDO,89,3.200,DIESEL,200,4,OCEANMAR SERVIÇOS MARÍTIMOS LTDA,20/09/21,06/07/23
9559200,DN 204,TRANSBORDO,29,381,BUNKER,3.000,2.44,ORION RODOS,26/02/22,06/07/23
9294276,G BRIGHT,IMPORTAÇÃO,141,19.931,SODA CÁUSTICA,6.282,9.56,ZYON SHIPPING,11/07/23,06/07/23
9580120,GOLF,EXPORTAÇÃO,180,35.445,COBRE,161,7,WILHELMSEN PORT SERVICES BRASIL LTDA,17/04/22,06/07/23
9343845,KYZIKOS,EXPORTAÇÃO,230,92.598,GRAOS,70.000,7.61,FERTIMPORT,10/07/23,06/07/23
9425851,ETERNITY SW,EXPORTAÇÃO,190,58.098,FERRO,50.000,7,LBH BRASIL,11/07/23,06/07/23
9757785,NAVIOS ALEGRIA,EXPORTAÇÃO,229,84.852,SOJA,73.500,7.9,CARGONAVE,07/07/23,06/07/23
9913339,EVER ZENITH,EXPORTAÇÃO,229,82,MILHO,66.000,7.7,CARGONAVE,12/07/23,06/07/23
9411305,TORM CORRIDO,IMPORTAÇÃO,183,46.156,GASOLINA,11.000,9.5,ZYON SHIPPING,20/07/23,06/07/23
9512185,PACCHA,IMPORTAÇÃO,189,50.091,DIESEL S 500,46.300,11.9,LACHMANN,06/07/23,06/07/23
9332963,IONIC STORM,IMPORTAÇÃO,190,56.032,FERTILIZANTES,7.587,12.6,NORTH STAR,15/07/23,06/07/23
9824992,ROBUSTA,EXPORTAÇÃO,202,62.362,CELULOSE,590,7,WILSON SONS SHIPPING SERVICES LTDA,14/07/23,10/07/23
9824980,GRANDIS,EXPORTAÇÃO,202,62.353,CELULOSE,19.392,7,WILSON SONS SHIPPING SERVICES LTDA,11/07/23,10/07/23
9732424,AMIS JUSTICE,IMPORTAÇÃO,200,63.531,MAP,40.000,10.2,ROCHAMAR,11/07/23,10/07/23
9808340,CIELO DI IYO,IMPORTAÇÃO,183,37.204,MOP,35.680,10.4,LACHMANN,13/07/23,10/07/23
9860623,SANTA INES,EXPORTAÇÃO,200,63.449,CONCENTRADO.COBRE,13.500,11.25,GEM,13/07/23,10/07/23
9603805,STAR LUSTER,IMPORTAÇÃO,204,50.740,MES9,5.400,12.6,ROCHAMAR,12/07/23,10/07/23
9697832,FEDERAL BERING,IMPORTAÇÃO,200,34.564,MOP,20.842,8.3,ORION RODOS,11/07/23,10/07/23
9263069,MORNINGSTAR,IMPORTAÇÃO,190,46.859,MES9,23.403,9.62,ROCHAMAR,18/07/23,10/07/23
9606833,FEDERAL SKYE,IMPORTAÇÃO,190,37.133,ANTRACITA,33.000,9.65,ISS MARINE,20/07/23,10/07/23
9703514,GENTLE SEAS,IMPORTAÇÃO,200,63.350,FERTILIZANTES,14.950,7,WILHELMSEN PORT SERVICES BRASIL LTDA,20/07/23,10/07/23
9474216,COYOTE,IMPORTAÇÃO,180,35.010,TRIGO,9.000,9,WILSON SONS SHIPPING SERVICES LTDA,28/07/23,10/07/23
9356402,UNISPIRIT,IMPORTAÇÃO,132,9.775,TRILHOS,4.306,7,HARMS E CIA,13/07/23,10/07/23
9684225,STAR MISTRAL,IMPORTAÇÃO,199,63.306,MOP,19.547,10.8,ORION RODOS,05/08/23,10/07/23
9599004,SEAMEC GALLANT,IMPORTAÇÃO,180,32.289,MAP,6.862,10.22,ORION RODOS,11/07/23,10/07/23
9671058,FEDERAL CHAMPLAIN,EXPORTAÇÃO,200,34.564,COBRE,11.550,7,WILHELMSEN PORT SERVICES BRASIL LTDA,18/07/23,10/07/23
9385166,ECO ANGELBAY,IMPORTAÇÃO,175,32.165,FERTILIZANTES,13.400,8,WILHELMSEN PORT SERVICES BRASIL LTDA,29/07/23,10/07/23
9801718,SCARLETT MANX,IMPORTAÇÃO,200,63.878,FERTILIZANTES,14.650,11.5,WILSON SONS SHIPPING SERVICES LTDA,17/07/23,10/07/23
9596820,OSCAR NIEMEYER,IMPORTAÇÃO,118,5.000,GLP,3.500,7,LACHMANN,08/07/23,10/07/23
9537264,AKSON SANDRA,IMPORTAÇÃO,190,38.405,FERTILIZANTES,13.997,8.5,WILSON SONS SHIPPING SERVICES LTDA,19/07/23,10/07/23
9774472,KANG MAY,EXPORTAÇÃO,228,85.001,SOJA,65.000,7.54,FERTIMPORT,12/07/23,10/07/23
9514377,NORDIC STAVANGER,EXPORTAÇÃO,190,56.172,SOJA,47.000,7,ALPHAMAR,09/07/23,10/07/23
9938779,CL XIANGXI,EXPORTAÇÃO,229,82.328,SOJA,66.000,7,ALPHAMAR,07/07/23,10/07/23
9949651,GRAND OCEAN,EXPORTAÇÃO,229,82.689,SOJA,66.000,7.6,ORION RODOS,17/07/23,10/07/23
9702728,MV AGIOS NIKOLAS,EXPORTAÇÃO,190,57.902,MILHO,47.000,6,LBH BRASIL,15/07/23,10/07/23
9641704,MAGIC CALLISTO,EXPORTAÇÃO,225,74.930,MILHO,67.200,7,ALPHAMAR,01/07/23,10/07/23
9294276,G BRIGHT,IMPORTAÇÃO,141,19.931,SODA CÁUSTICA,6.282,9.56,ZYON SHIPPING,11/07/23,10/07/23
9638501,THOR CHAICHANA,EXPORTAÇÃO,197,58.605,GRAOS,51.500,6.2,FERTIMPORT,16/07/23,10/07/23
9559200,DN 204,TRANSBORDO,29,381,BUNKER,3.000,2.44,ORION RODOS,26/02/22,10/07/23
9144380,BRAGE R,TRANSBORDO,89,3.200,DIESEL,200,4,OCEANMAR SERVIÇOS MARÍTIMOS LTDA,20/09/21,10/07/23
9416836,FLUMAR BRASIL,EXPORTAÇÃO,183,51.188,DIESEL,9.300,7,LACHMANN,12/06/23,10/07/23
9842528,SM HARMONY1,EXPORTAÇÃO,229,80.894,SOJA,73.000,8.01,WILSON SONS SHIPPING SERVICES LTDA,13/07/23,10/07/23
9343845,KYZIKOS,EXPORTAÇÃO,230,92.598,GRAOS,70.000,7.61,FERTIMPORT,10/07/23,10/07/23
9757785,NAVIOS ALEGRIA,EXPORTAÇÃO,229,84.852,SOJA,73.500,7.9,CARGONAVE,07/07/23,10/07/23
9913339,EVER ZENITH,EXPORTAÇÃO,229,82,MILHO,66.000,7.7,CARGONAVE,12/07/23,10/07/23
9580120,GOLF,EXPORTAÇÃO,180,35.445,COBRE,161,7,WILHELMSEN PORT SERVICES BRASIL LTDA,17/04/22,10/07/23
9411305,TORM CORRIDO,IMPORTAÇÃO,183,46.156,GASOLINE A,9.171,9.5,ZYON SHIPPING,19/07/23,10/07/23
9403334,AVANTI,IMPORTAÇÃO,180,45.965,OUTRAS,39.625,10.5,NORTH STAR,13/07/23,10/07/23
9489900,SERGIO BUARQUE DE HOLANDA,IMPORTAÇÃO,183,48.573,DIESEL,28.200,10,LACHMANN,12/07/23,10/07/23
9657038,NAVE JUPITER,IMPORTAÇÃO,183,49.999,DIESEL,45.000,12.3,LACHMANN,11/07/23,10/07/23
9332963,IONIC STORM,IMPORTAÇÃO,190,56.032,FERTILIZANTES,7.587,12.6,NORTH STAR,15/07/23,10/07/23
9786176,MAERSK CEBU,IMPORTAÇÃO,183,49.919,OLEO.COMBUSTÍVEL,5.400,11,LACHMANN,10/07/23,10/07/23
9824992,ROBUSTA,EXPORTAÇÃO,202,62.362,CELULOSE,590,7,WILSON SONS SHIPPING SERVICES LTDA,14/07/23,13/07/23
9863833,FALCON TRADER,IMPORTAÇÃO,200,63.675,CLINQUER,49.570,11.5,LBH BRASIL,30/07/23,13/07/23
9385166,ECO ANGELBAY,IMPORTAÇÃO,175,32.165,FERTILIZANTES,13.400,8,WILHELMSEN PORT SERVICES BRASIL LTDA,29/07/23,13/07/23
9860623,SANTA INES,EXPORTAÇÃO,200,63.449,CONCENTRADO.COBRE,13.500,11.25,GEM,13/07/23,13/07/23
9606833,FEDERAL SKYE,IMPORTAÇÃO,190,37.133,ANTRACITA,33.000,9.65,ISS MARINE,20/07/23,13/07/23
9801718,SCARLETT MANX,IMPORTAÇÃO,200,63.878,FERTILIZANTES,14.650,11.5,WILSON SONS SHIPPING SERVICES LTDA,19/07/23,13/07/23
9263069,MORNINGSTAR,IMPORTAÇÃO,190,46.859,MES9,23.403,9.62,ROCHAMAR,18/07/23,13/07/23
9537264,AKSON SANDRA,IMPORTAÇÃO,190,38.405,FERTILIZANTES,13.997,8.5,WILSON SONS SHIPPING SERVICES LTDA,19/07/23,13/07/23
9684225,STAR MISTRAL,IMPORTAÇÃO,199,63.306,MOP,19.547,10.8,ORION RODOS,05/08/23,13/07/23
9703514,GENTLE SEAS,IMPORTAÇÃO,200,63.350,FERTILIZANTES,14.950,7,WILHELMSEN PORT SERVICES BRASIL LTDA,20/07/23,13/07/23
9703459,DEVBULK CANSEN,EXPORTAÇÃO,177,35.309,CONCENTRADO.COBRE,34.748,7,LBH BRASIL,19/07/23,13/07/23
9474216,COYOTE,IMPORTAÇÃO,180,35.010,TRIGO,9.000,9,WILSON SONS SHIPPING SERVICES LTDA,28/07/23,13/07/23
9671058,FEDERAL CHAMPLAIN,EXPORTAÇÃO,200,34.564,COBRE,11.550,7,WILHELMSEN PORT SERVICES BRASIL LTDA,18/07/23,13/07/23
9938779,CL XIANGXI,EXPORTAÇÃO,229,82.328,SOJA,66.000,7,ALPHAMAR,07/07/23,13/07/23
9837121,ALANOOD,EXPORTAÇÃO,229,80.681,MILHO,65.000,7.9,CARGONAVE,18/07/23,13/07/23
9717709,SALAMINIAN,EXPORTAÇÃO,229,81.565,SOJA,66.000,7.9,CARGONAVE,26/07/23,13/07/23
9782168,NAVIOS DOLPHIN,EXPORTAÇÃO,229,81.630,SOJA,70.256,7.64,FERTIMPORT,16/07/23,13/07/23
9949651,GRAND OCEAN,EXPORTAÇÃO,229,82.689,SOJA,66.000,7.6,ORION RODOS,17/07/23,13/07/23
9947249,JEN LR,EXPORTAÇÃO,229,82.411,SOJA,71.420,6.96,CARGONAVE,25/07/23,13/07/23
9313058,IOLCOS UNITY,EXPORTAÇÃO,225,74.476,SOJA,64.000,7,LBH BRASIL,27/07/23,13/07/23
9702728,MV AGIOS NIKOLAS,EXPORTAÇÃO,190,57.902,MILHO,47.000,6,LBH BRASIL,15/07/23,13/07/23
9641704,MAGIC CALLISTO,EXPORTAÇÃO,225,74.930,MILHO,67.200,7,ALPHAMAR,01/07/23,13/07/23
9144380,BRAGE R,TRANSBORDO,89,3.200,DIESEL,200,4,OCEANMAR SERVIÇOS MARÍTIMOS LTDA,20/09/21,13/07/23
9559200,DN 204,TRANSBORDO,29,381,BUNKER,3.000,2.44,ORION RODOS,26/02/22,13/07/23
9411305,TORM CORRIDO,IMPORTAÇÃO,183,46.156,GASOLINE A,9.171,9.5,ZYON SHIPPING,18/07/23,13/07/23
9403334,AVANTI,IMPORTAÇÃO,180,45.965,OUTRAS,39.625,10.5,NORTH STAR,14/07/23,13/07/23
9638501,THOR CHAICHANA,EXPORTAÇÃO,197,58.605,GRAOS,51.500,6.2,FERTIMPORT,19/07/23,13/07/23
9580120,GOLF,EXPORTAÇÃO,180,35.445,COBRE,161,7,WILHELMSEN PORT SERVICES BRASIL LTDA,17/04/22,13/07/23
9842528,SM HARMONY1,EXPORTAÇÃO,229,80.894,GRAOS,73.000,8.01,WILSON SONS SHIPPING SERVICES LTDA,13/07/23,13/07/23
9660528,BAHRI GRAIN,EXPORTAÇÃO,229,81.855,MILHO,65.000,9.34,ROCHAMAR,25/07/23,13/07/23
9580508,CHRISTIANA P,EXPORTAÇÃO,228,80.562,GUSA,77.800,8.3,ORION RODOS,23/07/23,13/07/23
9356751,BEKS FENIX,IMPORTAÇÃO,189,49.933,DIESEL,32.696,12.35,NORTH STAR,17/07/23,13/07/23
9332963,IONIC STORM,IMPORTAÇÃO,190,56.032,FERTILIZANTES,7.587,12.6,NORTH STAR,15/07/23,13/07/23
9824992,ROBUSTA,EXPORTAÇÃO,202,62.362,CELULOSE,590,7,WILSON SONS SHIPPING SERVICES LTDA,14/07/23,16/07/23
9801718,SCARLETT MANX,IMPORTAÇÃO,200,63.878,FERTILIZANTES,14.650,11.5,WILSON SONS SHIPPING SERVICES LTDA,19/07/23,16/07/23
9263069,MORNINGSTAR,IMPORTAÇÃO,190,46.859,MES9,23.403,9.62,ROCHAMAR,22/07/23,16/07/23
9313022,STAR OMICRON,IMPORTAÇÃO,190,53.489,FERTILIZANTES,42.628,11.06,LBH BRASIL,27/07/23,16/07/23
9606833,FEDERAL SKYE,IMPORTAÇÃO,190,37.133,ANTRACITA,33.000,9.65,ISS MARINE,20/07/23,16/07/23
9537264,AKSON SANDRA,IMPORTAÇÃO,190,38.405,FERTILIZANTES,13.997,8.5,WILSON SONS SHIPPING SERVICES LTDA,20/07/23,16/07/23
9863833,FALCON TRADER,IMPORTAÇÃO,200,63.675,CLINQUER,49.570,11.5,LBH BRASIL,30/07/23,16/07/23
9684225,STAR MISTRAL,IMPORTAÇÃO,199,63.306,MOP,19.547,10.8,ORION RODOS,05/08/23,16/07/23
9703514,GENTLE SEAS,IMPORTAÇÃO,200,63.350,FERTILIZANTES,14.950,7,WILHELMSEN PORT SERVICES BRASIL LTDA,20/07/23,16/07/23
9508407,BBC EVEREST,IMPORTAÇÃO,126,9.310,BREAKBULK,1.112,7.1,ORION RODOS,25/07/23,16/07/23
9385166,ECO ANGELBAY,IMPORTAÇÃO,175,32.165,FERTILIZANTES,13.400,8,WILHELMSEN PORT SERVICES BRASIL LTDA,27/07/23,16/07/23
9596856,LUCIO COSTA,IMPORTAÇÃO,118,5.097,GLP,3.500,7.2,LACHMANN,17/07/23,16/07/23
9703459,DEVBULK CANSEN,EXPORTAÇÃO,177,35.309,CONCENTRADO.COBRE,34.748,7,LBH BRASIL,19/07/23,16/07/23
9474216,COYOTE,IMPORTAÇÃO,180,35.010,TRIGO,9.000,9,WILSON SONS SHIPPING SERVICES LTDA,28/07/23,16/07/23
9671058,FEDERAL CHAMPLAIN,EXPORTAÇÃO,200,34.564,COBRE,11.550,7,WILHELMSEN PORT SERVICES BRASIL LTDA,18/07/23,16/07/23
9313058,IOLCOS UNITY,EXPORTAÇÃO,225,74.476,SOJA,64.000,7,LBH BRASIL,27/07/23,16/07/23
9717709,SALAMINIAN,EXPORTAÇÃO,229,81.565,SOJA,66.000,7.9,CARGONAVE,26/07/23,16/07/23
9938779,CL XIANGXI,EXPORTAÇÃO,229,82.328,SOJA,66.000,7,ALPHAMAR,07/07/23,16/07/23
9942615,PROTECTOR,EXPORTAÇÃO,229,82.357,SOJA,63.000,7.6,ROCHAMAR,24/07/23,16/07/23
9641704,MAGIC CALLISTO,EXPORTAÇÃO,225,74.930,MILHO,67.200,7,ALPHAMAR,01/07/23,16/07/23
9959761,DELIGHT DIVA,EXPORTAÇÃO,229,82.216,MILHO,70.000,7,ALPHAMAR,17/07/23,16/07/23
9837121,ALANOOD,EXPORTAÇÃO,229,80.681,MILHO,65.000,7.9,CARGONAVE,18/07/23,16/07/23
9949651,GRAND OCEAN,EXPORTAÇÃO,229,82.689,SOJA,66.000,7.6,ORION RODOS,17/07/23,16/07/23
9947249,JEN LR,EXPORTAÇÃO,229,82.411,SOJA,71.420,6.96,CARGONAVE,25/07/23,16/07/23
9669902,BOW TRIUMPH,IMPORTAÇÃO,183,49.622,HIDRÓXIDO,6.300,11.18,LBH BRASIL,31/07/23,16/07/23
9356751,BEKS FENIX,IMPORTAÇÃO,189,49.933,DIESEL,32.696,12.35,NORTH STAR,17/07/23,16/07/23
9660528,BAHRI GRAIN,EXPORTAÇÃO,229,81.855,MILHO,65.000,9.34,ROCHAMAR,25/07/23,16/07/23
9580508,CHRISTIANA P,EXPORTAÇÃO,228,80.562,GUSA,77.800,8.3,ORION RODOS,23/07/23,16/07/23
9580120,GOLF,EXPORTAÇÃO,180,35.445,COBRE,161,7,WILHELMSEN PORT SERVICES BRASIL LTDA,17/04/22,16/07/23
9559200,DN 204,TRANSBORDO,29,381,BUNKER,3.000,2.44,ORION RODOS,26/02/22,16/07/23
9144380,BRAGE R,TRANSBORDO,89,3.200,DIESEL,200,4,OCEANMAR SERVIÇOS MARÍTIMOS LTDA,20/09/21,16/07/23
9411305,TORM CORRIDO,IMPORTAÇÃO,183,46.156,GASOLINE A,9.171,9.5,ZYON SHIPPING,21/07/23,16/07/23
9638501,THOR CHAICHANA,EXPORTAÇÃO,197,58.605,GRAOS,51.500,6.2,FERTIMPORT,19/07/23,16/07/23
9824992,ROBUSTA,EXPORTAÇÃO,202,62.362,CELULOSE,590,7,WILSON SONS SHIPPING SERVICES LTDA,14/07/23,18/07/23
9008706,ARACARI ARROW,EXPORTAÇÃO,199,46.956,CELULOSE,26.900,9,WILSON SONS SHIPPING SERVICES LTDA,20/07/23,18/07/23
9385166,ECO ANGELBAY,IMPORTAÇÃO,175,32.165,FERTILIZANTES,13.400,8,WILHELMSEN PORT SERVICES BRASIL LTDA,28/07/23,18/07/23
9313022,STAR OMICRON,IMPORTAÇÃO,190,53.489,FERTILIZANTES,42.628,11.06,LBH BRASIL,27/07/23,18/07/23
9508407,BBC EVEREST,IMPORTAÇÃO,126,9.310,BREAKBULK,1.112,7.1,ORION RODOS,25/07/23,18/07/23
9263069,MORNINGSTAR,IMPORTAÇÃO,190,46.859,MES9,23.403,9.62,ROCHAMAR,23/07/23,18/07/23
9863833,FALCON TRADER,IMPORTAÇÃO,200,63.675,CLINQUER,49.570,11.5,LBH BRASIL,30/07/23,18/07/23
9801275,PACIFIC WAVE,IMPORTAÇÃO,180,37.644,FERTILIZANTES,35.000,10.56,CARGONAVE,30/07/23,18/07/23
9606833,FEDERAL SKYE,IMPORTAÇÃO,190,37.133,ANTRACITA,33.000,9.65,ISS MARINE,20/07/23,18/07/23
9703514,GENTLE SEAS,IMPORTAÇÃO,200,63.350,FERTILIZANTES,14.950,7,WILHELMSEN PORT SERVICES BRASIL LTDA,20/07/23,18/07/23
9703459,DEVBULK CANSEN,EXPORTAÇÃO,177,35.309,CONCENTRADO.COBRE,34.748,7,LBH BRASIL,20/07/23,18/07/23
9537264,AKSON SANDRA,IMPORTAÇÃO,190,38.405,FERTILIZANTES,13.997,8.5,WILSON SONS SHIPPING SERVICES LTDA,20/07/23,18/07/23
9684225,STAR MISTRAL,IMPORTAÇÃO,199,63.306,MOP,19.547,10.8,ORION RODOS,06/08/23,18/07/23
9460289,NORAH,IMPORTAÇÃO,180,35.957,MES9,7.000,8.8,ROCHAMAR,27/07/23,18/07/23
9474216,COYOTE,IMPORTAÇÃO,180,35.010,TRIGO,9.000,9,WILSON SONS SHIPPING SERVICES LTDA,30/07/23,18/07/23
9801718,SCARLETT MANX,IMPORTAÇÃO,200,63.878,FERTILIZANTES,14.650,11.5,WILSON SONS SHIPPING SERVICES LTDA,20/07/23,18/07/23
9959761,DELIGHT DIVA,EXPORTAÇÃO,229,82.216,MILHO,70.000,7,ALPHAMAR,17/07/23,18/07/23
9938779,CL XIANGXI,EXPORTAÇÃO,229,82.328,SOJA,66.000,7,ALPHAMAR,07/07/23,18/07/23
9313058,IOLCOS UNITY,EXPORTAÇÃO,225,74.476,SOJA,64.000,7,LBH BRASIL,26/07/23,18/07/23
9717709,SALAMINIAN,EXPORTAÇÃO,229,81.565,SOJA,66.000,7.9,CARGONAVE,26/07/23,18/07/23
9942615,PROTECTOR,EXPORTAÇÃO,229,82.357,SOJA,63.000,7.45,ROCHAMAR,23/07/23,18/07/23
9947249,JEN LR,EXPORTAÇÃO,229,82.411,SOJA,71.420,6.96,CARGONAVE,25/07/23,18/07/23
9936757,RICHWAY TRADER,EXPORTAÇÃO,229,82.231,SOJA,66.000,7.4,LBH BRASIL,18/07/23,18/07/23
9669902,BOW TRIUMPH,IMPORTAÇÃO,183,49.622,HIDRÓXIDO,6.300,11.18,LBH BRASIL,31/07/23,18/07/23
9425540,ENDLESS SUMMER,IMPORTAÇÃO,183,49.999,GASOLINA,35.000,10,LACHMANN,18/07/23,18/07/23
9411305,TORM CORRIDO,IMPORTAÇÃO,183,46.156,GASOLINE A,9.171,9.5,ZYON SHIPPING,25/07/23,18/07/23
9580120,GOLF,EXPORTAÇÃO,180,35.445,COBRE,161,7,WILHELMSEN PORT SERVICES BRASIL LTDA,17/04/22,18/07/23
9580508,CHRISTIANA P,EXPORTAÇÃO,228,80.562,GUSA,77.800,7,ORION RODOS,23/07/23,18/07/23
9660528,BAHRI GRAIN,EXPORTAÇÃO,229,81.855,MILHO,65.000,9.34,ROCHAMAR,25/07/23,18/07/23
9638501,THOR CHAICHANA,EXPORTAÇÃO,197,58.605,GRAOS,51.500,6.2,FERTIMPORT,19/07/23,18/07/23
9144380,BRAGE R,TRANSBORDO,89,3.200,DIESEL,200,4,OCEANMAR SERVIÇOS MARÍTIMOS LTDA,20/09/21,18/07/23
9559200,DN 204,TRANSBORDO,29,381,BUNKER,3.000,2.44,ORION RODOS,26/02/22,18/07/23
9801275,PACIFIC WAVE,IMPORTAÇÃO,180,37.644,FERTILIZANTES,35.000,10.56,CARGONAVE,31/07/23,20/07/23
9263069,MORNINGSTAR,IMPORTAÇÃO,190,46.859,MES9,23.403,9.62,ROCHAMAR,24/07/23,20/07/23
9385166,ECO ANGELBAY,IMPORTAÇÃO,175,32.165,FERTILIZANTES,13.400,8,WILHELMSEN PORT SERVICES BRASIL LTDA,28/07/23,20/07/23
9313022,STAR OMICRON,IMPORTAÇÃO,190,53.489,FERTILIZANTES,42.628,11.06,LBH BRASIL,28/07/23,20/07/23
9508407,BBC EVEREST,IMPORTAÇÃO,126,9.310,OUTRAS,1.112,7.4,ORION RODOS,25/07/23,20/07/23
9460289,NORAH,IMPORTAÇÃO,180,35.957,MES9,7.000,8.8,ROCHAMAR,27/07/23,20/07/23
9863833,FALCON TRADER,IMPORTAÇÃO,200,63.675,CLINQUER,49.570,11.5,LBH BRASIL,30/07/23,20/07/23
9684225,STAR MISTRAL,IMPORTAÇÃO,199,63.306,MOP,19.547,10.8,ORION RODOS,06/08/23,20/07/23
9703459,DEVBULK CANSEN,EXPORTAÇÃO,177,35.309,CONCENTRADO.COBRE,34.748,7,LBH BRASIL,20/07/23,20/07/23
9474216,COYOTE,IMPORTAÇÃO,180,35.010,TRIGO,9.000,9,WILSON SONS SHIPPING SERVICES LTDA,30/07/23,20/07/23
9313058,IOLCOS UNITY,EXPORTAÇÃO,225,74.476,SOJA,64.000,7,LBH BRASIL,26/07/23,20/07/23
9942615,PROTECTOR,EXPORTAÇÃO,229,82.357,SOJA,63.000,7.55,ROCHAMAR,23/07/23,20/07/23
9717709,SALAMINIAN,EXPORTAÇÃO,229,81.565,SOJA,66.000,7.9,CARGONAVE,25/07/23,20/07/23
9911587,CL GENEVA,EXPORTAÇÃO,230,85.229,SOJA,72.600,7,LBH BRASIL,25/07/23,20/07/23
9267211,FORTUNE SUN,EXPORTAÇÃO,225,74.193,SOJA,66.000,7,LBH BRASIL,25/07/23,20/07/23
9194397,IKARIA ANGEL,EXPORTAÇÃO,190,46.677,MILHO,43.500,7,LBH BRASIL,20/07/23,20/07/23
9947249,JEN LR,EXPORTAÇÃO,229,82.411,SOJA,71.420,6.96,CARGONAVE,25/07/23,20/07/23
9416082,SHAMROCK JUPITER,IMPORTAÇÃO,147,19.836,DIESEL,9.240,8,WORLD SHIPPING SLZ AGENCIAMENTOS MARITIMOS LTDA,25/07/23,20/07/23
9411305,TORM CORRIDO,IMPORTAÇÃO,183,46.156,GASOLINE A,13.404,9.5,ZYON SHIPPING,25/07/23,20/07/23
9669902,BOW TRIUMPH,IMPORTAÇÃO,183,49.622,HIDRÓXIDO,6.300,11.18,LBH BRASIL,04/08/23,20/07/23
9580508,CHRISTIANA P,EXPORTAÇÃO,228,80.562,GUSA,77.800,7,ORION RODOS,23/07/23,20/07/23
9660528,BAHRI GRAIN,EXPORTAÇÃO,229,81.855,MILHO,65.000,9.34,ROCHAMAR,25/07/23,20/07/23
9580120,GOLF,EXPORTAÇÃO,180,35.445,COBRE,161,7,WILHELMSEN PORT SERVICES BRASIL LTDA,17/04/22,20/07/23
9491264,KIRAN AMERICA,EXPORTAÇÃO,190,56.666,MILHO,550,7,ALPHAMAR,23/07/23,20/07/23
9559200,DN 204,TRANSBORDO,29,381,BUNKER,3.000,2.44,ORION RODOS,26/02/22,20/07/23
9144380,BRAGE R,TRANSBORDO,89,3.200,DIESEL,200,4,OCEANMAR SERVIÇOS MARÍTIMOS LTDA,20/09/21,20/07/23
9863833,FALCON TRADER,IMPORTAÇÃO,200,63.675,CLINQUER,49.570,11.5,LBH BRASIL,30/07/23,21/07/23
9263069,MORNINGSTAR,IMPORTAÇÃO,190,46.859,MES9,23.403,9.62,ROCHAMAR,24/07/23,20/07/23
9313022,STAR OMICRON,IMPORTAÇÃO,190,53.489,FERTILIZANTES,42.628,11.06,LBH BRASIL,28/07/23,21/07/23
9801275,PACIFIC WAVE,IMPORTAÇÃO,180,37.644,FERTILIZANTES,35.000,10.56,CARGONAVE,31/07/23,20/07/23
9928827,MEGHNA VICTORY,IMPORTAÇÃO,200,66.500,UREIA,39.110,10.59,LBH BRASIL,27/07/23,20/07/23
9684225,STAR MISTRAL,IMPORTAÇÃO,199,63.306,MOP,19.547,10.8,ORION RODOS,06/08/23,20/07/23
9942093,PORT KYOTO,IMPORTAÇÃO,199,63.590,MOP,17.198,9.5,ORION RODOS,30/08/23,20/07/23
9508407,BBC EVEREST,IMPORTAÇÃO,126,9.310,OUTRAS,1.112,7.4,ORION RODOS,25/07/23,20/07/23
9460289,NORAH,IMPORTAÇÃO,180,35.957,MES9,7.000,8.8,ROCHAMAR,27/07/23,20/07/23
9007532,JACAMAR ARROW,IMPORTAÇÃO,199,46.998,MAP,15.658,10,ROCHAMAR,10/08/23,20/07/23
9474216,COYOTE,IMPORTAÇÃO,180,35.010,TRIGO,9.000,9,WILSON SONS SHIPPING SERVICES LTDA,30/07/23,20/07/23
9385166,ECO ANGELBAY,IMPORTAÇÃO,175,32.165,FERTILIZANTES,13.400,8,WILHELMSEN PORT SERVICES BRASIL LTDA,28/07/23,20/07/23
9313058,IOLCOS UNITY,EXPORTAÇÃO,225,74.476,SOJA,64.000,7,LBH BRASIL,26/07/23,20/07/23
9942615,PROTECTOR,EXPORTAÇÃO,229,82.357,SOJA,63.000,7.55,ROCHAMAR,23/07/23,20/07/23
9717709,SALAMINIAN,EXPORTAÇÃO,229,81.565,SOJA,66.000,7.9,CARGONAVE,25/07/23,20/07/23
9911587,CL GENEVA,EXPORTAÇÃO,230,85.229,SOJA,72.600,7,LBH BRASIL,25/07/23,20/07/23
9947249,JEN LR,EXPORTAÇÃO,229,82.411,SOJA,71.420,6.96,CARGONAVE,25/07/23,20/07/23
9267211,FORTUNE SUN,EXPORTAÇÃO,225,74.193,SOJA,66.000,7,LBH BRASIL,25/07/23,20/07/23
9411305,TORM CORRIDO,IMPORTAÇÃO,183,46.156,GASOLINE A,13.404,9.5,ZYON SHIPPING,25/07/23,20/07/23
9403334,AVANTI,IMPORTAÇÃO,180,45.965,OUTRAS,27.109,9.3,NORTH STAR,31/07/23,20/07/23
9669902,BOW TRIUMPH,IMPORTAÇÃO,183,49.622,HIDRÓXIDO,6.300,11.18,LBH BRASIL,04/08/23,20/07/23
9416082,SHAMROCK JUPITER,IMPORTAÇÃO,147,19.836,DIESEL,9.240,8,WORLD SHIPPING SLZ AGENCIAMENTOS MARITIMOS LTDA,25/07/23,20/07/23
9580508,CHRISTIANA P,EXPORTAÇÃO,228,80.562,GUSA,77.800,7,ORION RODOS,23/07/23,20/07/23
9491264,KIRAN AMERICA,EXPORTAÇÃO,190,56.666,MILHO,550,7,ALPHAMAR,23/07/23,20/07/23
9580120,GOLF,EXPORTAÇÃO,180,35.445,COBRE,161,7,WILHELMSEN PORT SERVICES BRASIL LTDA,17/04/22,20/07/23
9660528,BAHRI GRAIN,EXPORTAÇÃO,229,81.855,MILHO,65.000,9.34,ROCHAMAR,25/07/23,21/07/23
9559200,DN 204,TRANSBORDO,29,381,BUNKER,3.000,2.44,ORION RODOS,26/02/22,20/07/23
9390020,STENA PROGRESS,EXPORTAÇÃO,183,65.118,GASOLINA,35.400,8,LACHMANN,21/07/23,21/07/23
9144380,BRAGE R,TRANSBORDO,89,3.200,DIESEL,200,4,OCEANMAR SERVIÇOS MARÍTIMOS LTDA,20/09/21,20/07/23
9460289,NORAH,IMPORTAÇÃO,180,35.957,MES9,7.000,8.8,ROCHAMAR,28/07/23,23/07/23
9263069,MORNINGSTAR,IMPORTAÇÃO,190,46.859,MES9,23.403,9.62,ROCHAMAR,24/07/23,23/07/23
9007532,JACAMAR ARROW,IMPORTAÇÃO,199,46.998,MAP,15.658,10,ROCHAMAR,07/08/23,23/07/23
9928827,MEGHNA VICTORY,IMPORTAÇÃO,200,66.500,UREIA,39.110,10.59,LBH BRASIL,27/07/23,23/07/23
9801275,PACIFIC WAVE,IMPORTAÇÃO,180,37.644,FERTILIZANTES,35.000,10.56,CARGONAVE,31/07/23,23/07/23
9508407,BBC EVEREST,IMPORTAÇÃO,126,9.310,DORMENTES,1.112,7.4,ORION RODOS,25/07/23,23/07/23
9313022,STAR OMICRON,IMPORTAÇÃO,190,53.489,FERTILIZANTES,42.628,11.06,LBH BRASIL,28/07/23,23/07/23
9863833,FALCON TRADER,IMPORTAÇÃO,200,63.675,CLINQUER,49.570,11.5,LBH BRASIL,30/07/23,23/07/23
9942093,PORT KYOTO,IMPORTAÇÃO,199,63.590,MOP,17.198,9.5,ORION RODOS,30/08/23,23/07/23
9733545,EPIC SHIKOKU,IMPORTAÇÃO,120,8.993,GLP,3.500,8,LACHMANN,22/07/23,23/07/23
9667722,CHISE BULKER,IMPORTAÇÃO,180,33.355,FERTILIZANTES,15.000,9.04,AMART SERVICES,31/07/23,23/07/23
9385166,ECO ANGELBAY,IMPORTAÇÃO,175,32.165,FERTILIZANTES,13.400,8,WILHELMSEN PORT SERVICES BRASIL LTDA,31/07/23,23/07/23
9474216,COYOTE,IMPORTAÇÃO,180,35.010,TRIGO,9.000,9,WILSON SONS SHIPPING SERVICES LTDA,30/07/23,23/07/23
9684225,STAR MISTRAL,IMPORTAÇÃO,199,63.306,MOP,19.547,10.8,ORION RODOS,06/08/23,23/07/23
9213935,INDUSTRIAL CHALLENGER,IMPORTAÇÃO,120,8.057,CARGA GERAL,157,7.1,ORION RODOS,30/07/23,23/07/23
9313058,IOLCOS UNITY,EXPORTAÇÃO,225,74.476,SOJA,64.000,7,LBH BRASIL,26/07/23,23/07/23
9527441,CHRYSANTHI S,EXPORTAÇÃO,229,80.268,MILHO,66.450,7,LBH BRASIL,25/07/23,23/07/23
9717709,SALAMINIAN,EXPORTAÇÃO,229,81.565,SOJA,66.000,7.9,CARGONAVE,25/07/23,23/07/23
9947249,JEN LR,EXPORTAÇÃO,229,82.411,SOJA,71.420,6.96,CARGONAVE,25/07/23,23/07/23
9911587,CL GENEVA,EXPORTAÇÃO,230,85.229,SOJA,72.600,7,LBH BRASIL,25/07/23,23/07/23
9267211,FORTUNE SUN,EXPORTAÇÃO,225,74.193,SOJA,66.000,7,LBH BRASIL,25/07/23,23/07/23
9416082,SHAMROCK JUPITER,IMPORTAÇÃO,147,19.836,DIESEL,9.240,8,WORLD SHIPPING SLZ AGENCIAMENTOS MARITIMOS LTDA,26/07/23,23/07/23
9411305,TORM CORRIDO,IMPORTAÇÃO,183,46.156,GASOLINE A,13.404,9.5,ZYON SHIPPING,25/07/23,23/07/23
9489895,CELSO FURTADO,IMPORTAÇÃO,183,48.300,DIESEL,35.000,10,LACHMANN,23/07/23,23/07/23
9403334,AVANTI,IMPORTAÇÃO,180,45.965,OUTRAS,27.109,9.3,NORTH STAR,31/07/23,23/07/23
9669902,BOW TRIUMPH,IMPORTAÇÃO,183,49.622,HIDRÓXIDO,6.300,11.18,LBH BRASIL,04/08/23,23/07/23
9491264,KIRAN AMERICA,EXPORTAÇÃO,190,56.666,MILHO,550,7,ALPHAMAR,23/07/23,23/07/23
9580120,GOLF,EXPORTAÇÃO,180,35.445,COBRE,161,7,WILHELMSEN PORT SERVICES BRASIL LTDA,17/04/22,23/07/23
9580508,CHRISTIANA P,EXPORTAÇÃO,228,80.562,GUSA,77.800,7,ORION RODOS,23/07/23,23/07/23
9660528,BAHRI GRAIN,EXPORTAÇÃO,229,81.855,MILHO,65.000,9.34,ROCHAMAR,25/07/23,23/07/23
9559200,DN 204,TRANSBORDO,29,381,BUNKER,3.000,2.44,ORION RODOS,26/02/22,23/07/23
9144380,BRAGE R,TRANSBORDO,89,3.200,DIESEL,200,4,OCEANMAR SERVIÇOS MARÍTIMOS LTDA,20/09/21,23/07/23
9928827,MEGHNA VICTORY,IMPORTAÇÃO,200,66.500,UREIA,39.110,10.59,LBH BRASIL,27/07/23,24/07/23
9863833,FALCON TRADER,IMPORTAÇÃO,200,63.675,CLINQUER,49.570,11.5,LBH BRASIL,30/07/23,24/07/23
9263069,MORNINGSTAR,IMPORTAÇÃO,190,46.859,MES9,23.403,9.62,ROCHAMAR,24/07/23,24/07/23
9313022,STAR OMICRON,IMPORTAÇÃO,190,53.489,FERTILIZANTES,42.628,11.06,LBH BRASIL,28/07/23,24/07/23
9801275,PACIFIC WAVE,IMPORTAÇÃO,180,37.644,FERTILIZANTES,35.000,10.56,CARGONAVE,31/07/23,24/07/23
9684225,STAR MISTRAL,IMPORTAÇÃO,199,63.306,MOP,19.547,10.8,ORION RODOS,06/08/23,24/07/23
9942093,PORT KYOTO,IMPORTAÇÃO,199,63.590,MOP,17.198,9.5,ORION RODOS,30/08/23,24/07/23
9508407,BBC EVEREST,IMPORTAÇÃO,126,9.310,DORMENTES,1.112,7.4,ORION RODOS,27/07/23,24/07/23
9007532,JACAMAR ARROW,IMPORTAÇÃO,199,46.998,MAP,15.658,10,ROCHAMAR,08/08/23,24/07/23
9213935,INDUSTRIAL CHALLENGER,IMPORTAÇÃO,120,8.057,CARGA GERAL,157,7.1,ORION RODOS,01/08/23,24/07/23
9667722,CHISE BULKER,IMPORTAÇÃO,180,33.355,FERTILIZANTES,15.000,9.04,AMART SERVICES,02/08/23,24/07/23
9385166,ECO ANGELBAY,IMPORTAÇÃO,175,32.165,FERTILIZANTES,13.400,8,WILHELMSEN PORT SERVICES BRASIL LTDA,01/08/23,24/07/23
9460289,NORAH,IMPORTAÇÃO,180,35.957,MES9,7.000,8.8,ROCHAMAR,28/07/23,24/07/23
9474216,COYOTE,IMPORTAÇÃO,180,35.010,TRIGO,9.000,9,WILSON SONS SHIPPING SERVICES LTDA,30/07/23,24/07/23
9313058,IOLCOS UNITY,EXPORTAÇÃO,225,74.476,SOJA,64.000,7,LBH BRASIL,26/07/23,24/07/23
9717175,YUN TONG,EXPORTAÇÃO,229,81.604,MILHO,66.000,7.9,CARGONAVE,02/08/23,24/07/23
9527441,CHRYSANTHI S,EXPORTAÇÃO,229,80.268,MILHO,66.450,7,LBH BRASIL,25/07/23,24/07/23
9911587,CL GENEVA,EXPORTAÇÃO,230,85.229,SOJA,72.600,7,LBH BRASIL,25/07/23,24/07/23
9717709,SALAMINIAN,EXPORTAÇÃO,229,81.565,SOJA,66.000,7.9,CARGONAVE,25/07/23,24/07/23
9267211,FORTUNE SUN,EXPORTAÇÃO,225,74.193,SOJA,66.000,7,LBH BRASIL,25/07/23,24/07/23
9411305,TORM CORRIDO,IMPORTAÇÃO,183,46.156,GASOLINE A,13.404,9.5,ZYON SHIPPING,25/07/23,24/07/23
9403334,AVANTI,IMPORTAÇÃO,180,45.965,OUTRAS,27.109,9.3,NORTH STAR,02/08/23,24/07/23
9144380,BRAGE R,TRANSBORDO,89,3.200,DIESEL,200,4,OCEANMAR SERVIÇOS MARÍTIMOS LTDA,20/09/21,24/07/23
9669902,BOW TRIUMPH,IMPORTAÇÃO,183,49.622,HIDRÓXIDO,6.300,11.18,LBH BRASIL,04/08/23,24/07/23
9849265,CLEAROCEAN MELODY,IMPORTAÇÃO,183,49.995,DIESEL,41.000,11,LACHMANN,25/07/23,24/07/23
9660528,BAHRI GRAIN,EXPORTAÇÃO,229,81.855,MILHO,65.000,9.34,ROCHAMAR,25/07/23,24/07/23
9580120,GOLF,EXPORTAÇÃO,180,35.445,COBRE,161,7,WILHELMSEN PORT SERVICES BRASIL LTDA,17/04/22,24/07/23
9491264,KIRAN AMERICA,EXPORTAÇÃO,190,56.666,MILHO,550,7,ALPHAMAR,23/07/23,24/07/23
9430167,MERAPI,IMPORTAÇÃO,185,46.872,DIESEL,22.740,10.1,WILSON SONS SHIPPING SERVICES LTDA,25/07/23,24/07/23
9416082,SHAMROCK JUPITER,IMPORTAÇÃO,147,19.836,DIESEL,9.240,8,WORLD SHIPPING SLZ AGENCIAMENTOS MARITIMOS LTDA,26/07/23,24/07/23
9559200,DN 204,TRANSBORDO,29,381,BUNKER,3.000,2.44,ORION RODOS,26/02/22,24/07/23
9801275,PACIFIC WAVE,IMPORTAÇÃO,180,37.644,FERTILIZANTES,35.000,10.56,CARGONAVE,31/07/23,28/07/23
9863833,FALCON TRADER,IMPORTAÇÃO,200,63.675,CLINQUER,49.570,11.5,LBH BRASIL,30/07/23,28/07/23
9942093,PORT KYOTO,IMPORTAÇÃO,199,63.590,MOP,17.198,9.5,ORION RODOS,30/08/23,28/07/23
9684225,STAR MISTRAL,IMPORTAÇÃO,199,63.306,MOP,19.547,10.8,ORION RODOS,07/08/23,28/07/23
9594456,SEAHORSE,IMPORTAÇÃO,177,32.962,ARROZ,12.382,9.2,HARMS E CIA,03/08/23,28/07/23
9213935,INDUSTRIAL CHALLENGER,IMPORTAÇÃO,120,8.057,CARGA GERAL,157,7.1,ORION RODOS,02/08/23,28/07/23
9486568,SIGMA TRADER,IMPORTAÇÃO,190,37.302,FERTILIZANTES,18.125,10,ALPHAMAR,29/08/23,28/07/23
9667722,CHISE BULKER,IMPORTAÇÃO,180,33.355,FERTILIZANTES,15.000,9.04,AMART SERVICES,02/08/23,28/07/23
9385166,ECO ANGELBAY,IMPORTAÇÃO,175,32.165,FERTILIZANTES,13.400,8,WILHELMSEN PORT SERVICES BRASIL LTDA,03/08/23,29/07/23
9498432,TINA S,IMPORTAÇÃO,180,34.689,FERTILIZANTES,21.467,11.5,WILSON SONS SHIPPING SERVICES LTDA,11/08/23,28/07/23
9007532,JACAMAR ARROW,IMPORTAÇÃO,199,46.998,MAP,15.658,10,ROCHAMAR,10/08/23,28/07/23
9801718,SCARLETT MANX,EXPORTAÇÃO,200,63.878,SOJA,55.000,6.4,FERTIMPORT,01/08/23,28/07/23
9414149,ULTRA TIGER,EXPORTAÇÃO,229,83.611,SOJA,66.000,7,ALPHAMAR,09/08/23,28/07/23
9464508,ROSE,EXPORTAÇÃO,225,76.619,SOJA,69.300,7,ALPHAMAR,30/08/23,28/07/23
9588005,DRAGON,EXPORTAÇÃO,229,81.379,MILHO,69.150,7.22,CARGONAVE,05/08/23,28/07/23
9717175,YUN TONG,EXPORTAÇÃO,229,81.604,MILHO,68.935,7.9,CARGONAVE,01/08/23,28/07/23
9836452,CLYDE,IMPORTAÇÃO,183,49.999,OLEO.COMBUSTÍVEL,6.000,10.95,LACHMANN,29/07/23,28/07/23
9144380,BRAGE R,TRANSBORDO,89,3.200,DIESEL,200,4,OCEANMAR SERVIÇOS MARÍTIMOS LTDA,20/09/21,28/07/23
9403334,AVANTI,IMPORTAÇÃO,180,45.965,OUTRAS,27.109,9.3,NORTH STAR,02/08/23,28/07/23
9669902,BOW TRIUMPH,IMPORTAÇÃO,183,49.622,HIDRÓXIDO,6.300,11.18,LBH BRASIL,07/08/23,28/07/23
9580120,GOLF,EXPORTAÇÃO,180,35.445,COBRE,161,7,WILHELMSEN PORT SERVICES BRASIL LTDA,17/04/22,28/07/23
9452610,ORNAK,EXPORTAÇÃO,229,79.677,GRAOS,65.000,6.8,FERTIMPORT,04/08/23,28/07/23
9452593,GIEWONT,EXPORTAÇÃO,229,79.586,SOJA,65.000,6,FERTIMPORT,31/07/23,28/07/23
9491264,KIRAN AMERICA,EXPORTAÇÃO,190,56.666,MILHO,550,7,ALPHAMAR,23/07/23,28/07/23
9559200,DN 204,TRANSBORDO,29,381,BUNKER,3.000,2.44,ORION RODOS,26/02/22,28/07/23
9426312,SKS DELTA,IMPORTAÇÃO,250,119.456,DIESEL S 10,121.200,13.7,LACHMANN,31/07/23,28/07/23
9430167,MERAPI,IMPORTAÇÃO,185,46.872,DIESEL,14.740,10.1,WILSON SONS SHIPPING SERVICES LTDA,25/07/23,28/07/23
9801275,PACIFIC WAVE,IMPORTAÇÃO,180,37.644,FERTILIZANTES,35.000,10.56,CARGONAVE,31/07/23,30/07/23
9863833,FALCON TRADER,IMPORTAÇÃO,200,63.675,CLINQUER,49.570,11.5,LBH BRASIL,30/07/23,30/07/23
9782986,ULTRA TATIO,IMPORTAÇÃO,180,37.927,ADUBOS,4.400,11.5,LBH BRASIL,03/09/23,30/07/23
9007532,JACAMAR ARROW,IMPORTAÇÃO,199,46.998,MAP,15.658,10,ROCHAMAR,10/08/23,30/07/23
9667722,CHISE BULKER,IMPORTAÇÃO,180,33.355,FERTILIZANTES,15.000,9.04,AMART SERVICES,02/08/23,30/07/23
9385166,ECO ANGELBAY,IMPORTAÇÃO,175,32.165,FERTILIZANTES,13.400,8,WILHELMSEN PORT SERVICES BRASIL LTDA,03/08/23,30/07/23
9213935,INDUSTRIAL CHALLENGER,IMPORTAÇÃO,120,8.057,CARGA GERAL,157,7.1,ORION RODOS,02/08/23,30/07/23
9498432,TINA S,IMPORTAÇÃO,180,34.689,FERTILIZANTES,21.467,11.5,WILSON SONS SHIPPING SERVICES LTDA,11/08/23,30/07/23
9594456,SEAHORSE,IMPORTAÇÃO,177,32.962,ARROZ,12.382,9.2,HARMS E CIA,03/08/23,30/07/23
9942093,PORT KYOTO,IMPORTAÇÃO,199,63.590,MOP,17.198,9.5,ORION RODOS,30/08/23,30/07/23
9684225,STAR MISTRAL,IMPORTAÇÃO,199,63.306,MOP,19.547,10.8,ORION RODOS,07/08/23,30/07/23
9486568,SIGMA TRADER,IMPORTAÇÃO,190,37.302,FERTILIZANTES,18.125,10,ALPHAMAR,29/08/23,30/07/23
9414149,ULTRA TIGER,EXPORTAÇÃO,229,83.611,SOJA,66.000,7,ALPHAMAR,09/08/23,30/07/23
9801718,SCARLETT MANX,EXPORTAÇÃO,200,63.878,SOJA,55.000,6.4,FERTIMPORT,01/08/23,30/07/23
9717175,YUN TONG,EXPORTAÇÃO,229,81.604,MILHO,68.935,7.9,CARGONAVE,01/08/23,30/07/23
9588005,DRAGON,EXPORTAÇÃO,229,81.379,MILHO,69.150,7.22,CARGONAVE,05/08/23,30/07/23
9464508,ROSE,EXPORTAÇÃO,225,76.619,SOJA,69.300,7,ALPHAMAR,30/08/23,30/07/23
9403334,AVANTI,IMPORTAÇÃO,180,45.965,OUTRAS,27.109,9.3,NORTH STAR,02/08/23,30/07/23
9430167,MERAPI,IMPORTAÇÃO,185,46.872,DIESEL,14.740,10.1,WILSON SONS SHIPPING SERVICES LTDA,25/07/23,30/07/23
9669902,BOW TRIUMPH,IMPORTAÇÃO,183,49.622,HIDRÓXIDO,6.300,11.18,LBH BRASIL,08/08/23,30/07/23
9144380,BRAGE R,TRANSBORDO,89,3.200,DIESEL,200,4,OCEANMAR SERVIÇOS MARÍTIMOS LTDA,20/09/21,30/07/23
9452593,GIEWONT,EXPORTAÇÃO,229,79.586,SOJA,65.000,6,FERTIMPORT,31/07/23,30/07/23
9452610,ORNAK,EXPORTAÇÃO,229,79.677,GRAOS,65.000,6.8,FERTIMPORT,04/08/23,30/07/23
9491264,KIRAN AMERICA,EXPORTAÇÃO,190,56.666,MILHO,550,7,ALPHAMAR,23/07/23,30/07/23
9580120,GOLF,EXPORTAÇÃO,180,35.445,COBRE,161,7,WILHELMSEN PORT SERVICES BRASIL LTDA,17/04/22,30/07/23
9426312,SKS DELTA,IMPORTAÇÃO,250,119.456,DIESEL S 10,121.200,13.7,LACHMANN,31/07/23,30/07/23
9836452,CLYDE,IMPORTAÇÃO,183,49.999,OLEO.COMBUSTÍVEL,6.000,10.95,LACHMANN,29/07/23,30/07/23
9559200,DN 204,TRANSBORDO,29,381,BUNKER,3.000,2.44,ORION RODOS,26/02/22,30/07/23
9423566,GREAT SEA,EXPORTAÇÃO,196,53.022,CELULOSE,16.620,7,WILSON SONS SHIPPING SERVICES LTDA,03/08/23,01/08/23
9486568,SIGMA TRADER,IMPORTAÇÃO,190,37.302,FERTILIZANTES,18.125,10,ALPHAMAR,29/08/23,01/08/23
9766176,FEDERAL RUHR,IMPORTAÇÃO,200,36.754,MOP,12.456,8.1,ORION RODOS,24/08/23,01/08/23
9363663,RIVER PEARL,IMPORTAÇÃO,189,52.224,CALCARIO,37,11.48,ISS MARINE,16/08/23,01/08/23
9594456,SEAHORSE,IMPORTAÇÃO,177,32.962,ARROZ,12.382,9.2,HARMS E CIA,04/08/23,01/08/23
9942093,PORT KYOTO,IMPORTAÇÃO,199,63.590,MOP,17.198,9.5,ORION RODOS,30/08/23,01/08/23
9498432,TINA S,IMPORTAÇÃO,180,34.689,FERTILIZANTES,21.467,11.5,WILSON SONS SHIPPING SERVICES LTDA,12/08/23,01/08/23
9782986,ULTRA TATIO,IMPORTAÇÃO,180,37.927,ADUBOS,4.400,11.5,LBH BRASIL,03/09/23,01/08/23
9007532,JACAMAR ARROW,IMPORTAÇÃO,199,46.998,MAP,15.658,10,ROCHAMAR,11/08/23,01/08/23
9684225,STAR MISTRAL,IMPORTAÇÃO,199,63.306,MOP,19.547,10.8,ORION RODOS,07/08/23,01/08/23
9213935,INDUSTRIAL CHALLENGER,IMPORTAÇÃO,120,8.057,CARGA GERAL,157,7.1,ORION RODOS,05/08/23,01/08/23
9667722,CHISE BULKER,IMPORTAÇÃO,180,33.355,FERTILIZANTES,15.000,9.04,AMART SERVICES,02/08/23,01/08/23
9385166,ECO ANGELBAY,IMPORTAÇÃO,175,32.165,FERTILIZANTES,13.400,8,WILHELMSEN PORT SERVICES BRASIL LTDA,04/08/23,01/08/23
9583756,GEORGIA T,EXPORTAÇÃO,229,80.415,SOJA,63.000,7,L.M.A. SHIPPING & CONSULTING,07/08/23,01/08/23
9464508,ROSE,EXPORTAÇÃO,225,76.619,SOJA,69.300,7,ALPHAMAR,30/08/23,01/08/23
9717175,YUN TONG,EXPORTAÇÃO,229,81.604,MILHO,68.935,7.9,CARGONAVE,01/08/23,01/08/23
9578294,BADGER ISLAND,EXPORTAÇÃO,190,58.086,SOJA,50.000,6,LBH BRASIL,07/08/23,01/08/23
9588005,DRAGON,EXPORTAÇÃO,229,81.379,MILHO,69.150,7.22,CARGONAVE,05/08/23,01/08/23
9414149,ULTRA TIGER,EXPORTAÇÃO,229,83.611,SOJA,66.000,7,ALPHAMAR,09/08/23,01/08/23
9144380,BRAGE R,TRANSBORDO,89,3.200,DIESEL,200,4,OCEANMAR SERVIÇOS MARÍTIMOS LTDA,20/09/21,01/08/23
9489912,ROMULO ALMEIDA,IMPORTAÇÃO,183,48.300,QUEROSENES,18.200,9.8,LACHMANN,03/08/23,01/08/23
9669902,BOW TRIUMPH,IMPORTAÇÃO,183,49.622,HIDRÓXIDO,6.300,11.18,LBH BRASIL,08/08/23,01/08/23
9430167,MERAPI,IMPORTAÇÃO,185,46.872,DIESEL,14.740,10.1,WILSON SONS SHIPPING SERVICES LTDA,25/07/23,01/08/23
9403334,AVANTI,IMPORTAÇÃO,180,45.965,OUTRAS,27.109,9.3,NORTH STAR,04/08/23,01/08/23
9836452,CLYDE,IMPORTAÇÃO,183,49.999,OLEO.COMBUSTÍVEL,6.000,10.95,LACHMANN,29/07/23,01/08/23
9580120,GOLF,EXPORTAÇÃO,180,35.445,COBRE,161,7,WILHELMSEN PORT SERVICES BRASIL LTDA,17/04/22,01/08/23
9452610,ORNAK,EXPORTAÇÃO,229,79.677,GRAOS,65.000,6.8,FERTIMPORT,04/08/23,01/08/23
9559200,DN 204,TRANSBORDO,29,381,BUNKER,3.000,2.44,ORION RODOS,26/02/22,01/08/23
9710490,ANIKITOS,IMPORTAÇÃO,183,50.082,DIESEL,20.672,12.5,NORTH STAR,02/08/23,01/08/23
9548835,STAR DALMATIA,EXPORTAÇÃO,200,51.593,CELULOSE,16.000,6,WILSON SONS SHIPPING SERVICES LTDA,12/08/23,04/08/23
9423566,GREAT SEA,EXPORTAÇÃO,196,53.022,CELULOSE,16.620,7,WILSON SONS SHIPPING SERVICES LTDA,03/08/23,04/08/23
9007532,JACAMAR ARROW,IMPORTAÇÃO,199,46.998,MAP,15.658,10,ROCHAMAR,10/08/23,04/08/23
9486568,SIGMA TRADER,IMPORTAÇÃO,190,37.302,FERTILIZANTES,18.125,10,ALPHAMAR,02/09/23,04/08/23
9942093,PORT KYOTO,IMPORTAÇÃO,199,63.590,MOP,17.198,9.5,ORION RODOS,21/08/23,04/08/23
9363663,RIVER PEARL,IMPORTAÇÃO,189,52.224,CALCARIO,47,11.48,ISS MARINE,15/08/23,04/08/23
9782986,ULTRA TATIO,IMPORTAÇÃO,180,37.927,ADUBOS,4.400,11.5,LBH BRASIL,28/08/23,04/08/23
9766176,FEDERAL RUHR,IMPORTAÇÃO,200,36.754,MOP,12.456,8.1,ORION RODOS,22/08/23,04/08/23
9213935,INDUSTRIAL CHALLENGER,IMPORTAÇÃO,120,8.057,CARGA GERAL,157,7.1,ORION RODOS,05/08/23,05/08/23
9684225,STAR MISTRAL,IMPORTAÇÃO,199,63.306,MOP,19.547,10.8,ORION RODOS,08/08/23,04/08/23
9498432,TINA S,IMPORTAÇÃO,180,34.689,FERTILIZANTES,21.467,11.5,WILSON SONS SHIPPING SERVICES LTDA,12/08/23,04/08/23
9583756,GEORGIA T,EXPORTAÇÃO,229,80.415,SOJA,63.000,7,L.M.A. SHIPPING & CONSULTING,07/08/23,04/08/23
9548237,CLIA,EXPORTAÇÃO,229,92.967,MILHO,75.000,7.51,ALPHAMAR,06/08/23,04/08/23
9600633,ASL JUPITER,EXPORTAÇÃO,229,81.641,SOJA,69.080,7.2,ALPHAMAR,11/08/23,04/08/23
9578294,BADGER ISLAND,EXPORTAÇÃO,190,58.086,SOJA,50.000,6,LBH BRASIL,07/08/23,04/08/23
9609433,SCARLET FALCON,EXPORTAÇÃO,229,82.260,SOJA,72.290,6,LBH BRASIL,11/08/23,05/08/23
9414149,ULTRA TIGER,EXPORTAÇÃO,229,83.611,SOJA,66.000,7,ALPHAMAR,08/08/23,04/08/23
9588005,DRAGON,EXPORTAÇÃO,229,81.379,MILHO,69.150,7.22,CARGONAVE,05/08/23,04/08/23
9748033,CRIMSON KINGDOM,EXPORTAÇÃO,228,84.860,MILHO,71.500,7,L.M.A. SHIPPING & CONSULTING,10/08/23,04/08/23
9836452,CLYDE,IMPORTAÇÃO,183,49.999,OLEO.COMBUSTÍVEL,6.000,10.95,LACHMANN,29/07/23,04/08/23
9657806,PS HAMBURG,IMPORTAÇÃO,183,49.999,GASOLINA A,32.700,10.1,LACHMANN,05/08/23,04/08/23
9669902,BOW TRIUMPH,IMPORTAÇÃO,183,49.622,HIDRÓXIDO,6.300,11.18,LBH BRASIL,08/08/23,04/08/23
9144380,BRAGE R,TRANSBORDO,89,3.200,DIESEL,200,4,OCEANMAR SERVIÇOS MARÍTIMOS LTDA,20/09/21,04/08/23
9580120,GOLF,EXPORTAÇÃO,180,35.445,COBRE,161,7,WILHELMSEN PORT SERVICES BRASIL LTDA,17/04/22,04/08/23
9595723,GOLDEN KEEN,EXPORTAÇÃO,229,81.586,GRAOS,63.530,8,WILSON SONS SHIPPING SERVICES LTDA,08/08/23,04/08/23
9700342,SEAWAYS LOOKOUT,IMPORTAÇÃO,183,50.136,OUTRAS,16.035,10,WILSON SONS SHIPPING SERVICES LTDA,15/08/23,04/08/23
9335123,MILOU,IMPORTAÇÃO,184,37.488,DIESEL,31.991,10.6,WILSON SONS SHIPPING SERVICES LTDA,08/08/23,04/08/23
9845166,FPMC 34,IMPORTAÇÃO,183,49.781,GASOLINA,36.000,11.6,WORLD SHIPPING SLZ AGENCIAMENTOS MARITIMOS LTDA,15/08/23,04/08/23
9559200,DN 204,TRANSBORDO,29,381,BUNKER,3.000,2.44,ORION RODOS,26/02/22,04/08/23
9548835,STAR DALMATIA,EXPORTAÇÃO,200,51.593,CELULOSE,16.000,6,WILSON SONS SHIPPING SERVICES LTDA,13/08/23,07/08/23
9529592,EAGLE ARROW,EXPORTAÇÃO,200,62.967,CELULOSE,16.620,7,WILSON SONS SHIPPING SERVICES LTDA,16/08/23,07/08/23
9107306,PINE ARROW,EXPORTAÇÃO,190,48.041,CELULOSE,43.000,7,WILSON SONS SHIPPING SERVICES LTDA,14/08/23,07/08/23
9363663,RIVER PEARL,IMPORTAÇÃO,189,52.224,CALCARIO,47,11.48,ISS MARINE,15/08/23,07/08/23
9498432,TINA S,IMPORTAÇÃO,180,34.689,FERTILIZANTES,21.467,11.5,WILSON SONS SHIPPING SERVICES LTDA,12/08/23,07/08/23
9486568,SIGMA TRADER,IMPORTAÇÃO,190,37.302,FERTILIZANTES,18.125,10,ALPHAMAR,02/09/23,07/08/23
9942093,PORT KYOTO,IMPORTAÇÃO,199,63.590,MOP,17.198,9.5,ORION RODOS,23/08/23,07/08/23
9766176,FEDERAL RUHR,IMPORTAÇÃO,200,36.754,MOP,12.456,8.1,ORION RODOS,25/08/23,07/08/23
9684225,STAR MISTRAL,IMPORTAÇÃO,199,63.306,MOP,19.547,7.29,ORION RODOS,09/08/23,07/08/23
9596844,BARBOSA LIMA SOBRINHO,IMPORTAÇÃO,118,5.095,GLP,35,6.3,LACHMANN,09/08/23,07/08/23
9782986,ULTRA TATIO,IMPORTAÇÃO,180,37.927,ADUBOS,4.400,11.5,LBH BRASIL,28/08/23,07/08/23
9007532,JACAMAR ARROW,IMPORTAÇÃO,199,46.998,MAP,15.658,10,ROCHAMAR,13/08/23,07/08/23
9578294,BADGER ISLAND,EXPORTAÇÃO,190,58.086,SOJA,50.000,6,LBH BRASIL,09/08/23,07/08/23
9748033,CRIMSON KINGDOM,EXPORTAÇÃO,228,84.860,MILHO,71.500,7,L.M.A. SHIPPING & CONSULTING,10/08/23,07/08/23
9414149,ULTRA TIGER,EXPORTAÇÃO,229,83.611,SOJA,66.000,7,ALPHAMAR,08/08/23,07/08/23
9583756,GEORGIA T,EXPORTAÇÃO,229,80.415,SOJA,63.000,7,L.M.A. SHIPPING & CONSULTING,07/08/23,07/08/23
9548237,CLIA,EXPORTAÇÃO,229,92.967,MILHO,75.000,7.51,ALPHAMAR,06/08/23,07/08/23
9600633,ASL JUPITER,EXPORTAÇÃO,229,81.641,SOJA,69.080,7.2,ALPHAMAR,11/08/23,07/08/23
9440394,SEACON 9,EXPORTAÇÃO,225,74.844,SOJA,66.000,7.4,ORION RODOS,19/08/23,07/08/23
9609433,SCARLET FALCON,EXPORTAÇÃO,229,82.260,SOJA,72.290,6,LBH BRASIL,11/08/23,07/08/23
PREVAIL ST,PREVAIL STAR,EXPORTAÇÃO,229,81.055,SOJA,66.000,7.7,FERTIMPORT,09/08/23,07/08/23
9669902,BOW TRIUMPH,IMPORTAÇÃO,183,49.622,HIDRÓXIDO,6.300,11.18,LBH BRASIL,08/08/23,07/08/23
9144380,BRAGE R,TRANSBORDO,89,3.200,DIESEL,200,4,OCEANMAR SERVIÇOS MARÍTIMOS LTDA,20/09/21,07/08/23
9700342,SEAWAYS LOOKOUT,IMPORTAÇÃO,183,50.136,OUTRAS,16.035,10,WILSON SONS SHIPPING SERVICES LTDA,15/08/23,07/08/23
9335123,MILOU,IMPORTAÇÃO,184,37.488,DIESEL,31.991,10.6,WILSON SONS SHIPPING SERVICES LTDA,08/08/23,07/08/23
9580120,GOLF,EXPORTAÇÃO,180,35.445,COBRE,161,7,WILHELMSEN PORT SERVICES BRASIL LTDA,17/04/22,07/08/23
9595723,GOLDEN KEEN,EXPORTAÇÃO,229,81.586,GRAOS,63.530,8,WILSON SONS SHIPPING SERVICES LTDA,08/08/23,07/08/23
9465966,TORM ALICE,IMPORTAÇÃO,183,49.999,GASOLINAS,51.600,11.1,LACHMANN,10/08/23,07/08/23
9559200,DN 204,TRANSBORDO,29,381,BUNKER,3.000,2.44,ORION RODOS,26/02/22,07/08/23
9845166,FPMC 34,IMPORTAÇÃO,183,49.781,GASOLINA,36.000,11.6,WORLD SHIPPING SLZ AGENCIAMENTOS MARITIMOS LTDA,15/08/23,07/08/23
9836440,AVON,IMPORTAÇÃO,183,49.999,DIESEL,18.700,11.2,LACHMANN,09/08/23,07/08/23
9107306,PINE ARROW,EXPORTAÇÃO,190,48.041,CELULOSE,43.000,7,WILSON SONS SHIPPING SERVICES LTDA,14/08/23,09/08/23
9529592,EAGLE ARROW,EXPORTAÇÃO,200,62.967,CELULOSE,16.620,7,WILSON SONS SHIPPING SERVICES LTDA,13/08/23,09/08/23
9548835,STAR DALMATIA,EXPORTAÇÃO,200,51.593,CELULOSE,32.100,6,WILSON SONS SHIPPING SERVICES LTDA,12/08/23,09/08/23
9363663,RIVER PEARL,IMPORTAÇÃO,189,52.224,CALCARIO,47,11.48,ISS MARINE,15/08/23,09/08/23
9606120,VALOVINE,IMPORTAÇÃO,190,52.000,"SUPERFOSFATO,TEOR",47.050,11.5,ALPHAMAR,28/08/23,09/08/23
9766176,FEDERAL RUHR,IMPORTAÇÃO,200,36.754,MOP,12.456,8.1,ORION RODOS,26/08/23,09/08/23
9942093,PORT KYOTO,IMPORTAÇÃO,199,63.590,MOP,17.198,9.5,ORION RODOS,24/08/23,09/08/23
9007532,JACAMAR ARROW,IMPORTAÇÃO,199,46.998,MAP,15.658,10,ROCHAMAR,13/08/23,09/08/23
9498432,TINA S,IMPORTAÇÃO,180,34.689,FERTILIZANTES,21.467,11.5,WILSON SONS SHIPPING SERVICES LTDA,12/08/23,09/08/23
9782986,ULTRA TATIO,IMPORTAÇÃO,180,37.927,ADUBOS,4.400,11.5,LBH BRASIL,30/08/23,09/08/23
9596844,BARBOSA LIMA SOBRINHO,IMPORTAÇÃO,118,5.095,GLP,35,6.3,LACHMANN,09/08/23,09/08/23
9486568,SIGMA TRADER,IMPORTAÇÃO,190,37.302,FERTILIZANTES,18.125,10,ALPHAMAR,02/09/23,09/08/23
9684225,STAR MISTRAL,IMPORTAÇÃO,199,63.306,MOP,19.547,7.29,ORION RODOS,09/08/23,09/08/23
9595723,GOLDEN KEEN,EXPORTAÇÃO,229,81.586,GRAOS,63.530,8,WILSON SONS SHIPPING SERVICES LTDA,08/08/23,09/08/23
9609433,SCARLET FALCON,EXPORTAÇÃO,229,82.260,SOJA,72.290,6,LBH BRASIL,11/08/23,09/08/23
9584499,WOOLLOOMOOLOO,EXPORTAÇÃO,224,76.064,GRAOS,720,7.79,FERTIMPORT,13/08/23,09/08/23
9748033,CRIMSON KINGDOM,EXPORTAÇÃO,228,84.860,MILHO,71.500,7,L.M.A. SHIPPING & CONSULTING,10/08/23,09/08/23
9583756,GEORGIA T,EXPORTAÇÃO,229,80.415,SOJA,63.000,7,L.M.A. SHIPPING & CONSULTING,07/08/23,09/08/23
9548237,CLIA,EXPORTAÇÃO,229,92.967,MILHO,75.000,7.51,ALPHAMAR,06/08/23,09/08/23
9600633,ASL JUPITER,EXPORTAÇÃO,229,81.641,SOJA,69.080,7.2,ALPHAMAR,11/08/23,09/08/23
9578294,BADGER ISLAND,EXPORTAÇÃO,190,58.086,SOJA,50.000,6,LBH BRASIL,09/08/23,09/08/23
9414149,ULTRA TIGER,EXPORTAÇÃO,229,83.611,SOJA,66.000,7,ALPHAMAR,08/08/23,09/08/23
9693769,PREVAIL STAR,EXPORTAÇÃO,229,81.055,SOJA,66.000,7.7,FERTIMPORT,09/08/23,09/08/23
9440394,SEACON 9,EXPORTAÇÃO,225,74.844,SOJA,63.000,7.4,ORION RODOS,19/08/23,09/08/23
9144380,BRAGE R,TRANSBORDO,89,3.200,DIESEL,200,4,OCEANMAR SERVIÇOS MARÍTIMOS LTDA,20/09/21,09/08/23
9845166,FPMC 34,IMPORTAÇÃO,183,49.781,GASOLINA,36.000,11.6,WORLD SHIPPING SLZ AGENCIAMENTOS MARITIMOS LTDA,15/08/23,09/08/23
9335123,MILOU,IMPORTAÇÃO,184,37.488,DIESEL,31.991,10.6,WILSON SONS SHIPPING SERVICES LTDA,18/08/23,09/08/23
9465966,TORM ALICE,IMPORTAÇÃO,183,49.999,GASOLINAS,51.600,11.1,LACHMANN,10/08/23,09/08/23
9576727,TEAM VIEW,EXPORTAÇÃO,178,36.254,FERRO,34.000,7,LBH BRASIL,17/08/23,09/08/23
9580120,GOLF,EXPORTAÇÃO,180,35.445,COBRE,161,7,WILHELMSEN PORT SERVICES BRASIL LTDA,17/04/22,09/08/23
9559200,DN 204,TRANSBORDO,29,381,BUNKER,3.000,2.44,ORION RODOS,26/02/22,09/08/23
9700342,SEAWAYS LOOKOUT,IMPORTAÇÃO,183,50.136,OUTRAS,33.874,10,WILSON SONS SHIPPING SERVICES LTDA,16/08/23,09/08/23
9254642,STAR JUVENTAS,EXPORTAÇÃO,198,44.837,CELULOSE,43.000,7,WILSON SONS SHIPPING SERVICES LTDA,16/08/23,13/08/23
9609433,SCARLET FALCON,EXPORTAÇÃO,229,82.260,SOJA,72.290,6,LBH BRASIL,11/08/23,11/08/23
9781085,ULTRALAZ,EXPORTAÇÃO,200,63.700,SOJA,63.000,6.7,ROCHAMAR,17/08/23,12/08/23
9789910,MEDI ZUOZ,IMPORTAÇÃO,200,60.501,FERTILIZANTES,50.400,12.35,WILSON SONS SHIPPING SERVICES LTDA,03/09/23,11/08/23
9548237,CLIA,EXPORTAÇÃO,229,92.967,MILHO,75.000,7.51,ALPHAMAR,06/08/23,11/08/23
9486568,SIGMA TRADER,IMPORTAÇÃO,190,37.302,FERTILIZANTES,23.125,10,ALPHAMAR,02/09/23,11/08/23
9801275,PACIFIC WAVE,EXPORTAÇÃO,180,37.644,COBRE,24.100,6.1,LBH BRASIL,16/08/23,12/08/23
9942093,PORT KYOTO,IMPORTAÇÃO,199,63.590,MOP,17.198,9.5,ORION RODOS,22/08/23,11/08/23
9363663,RIVER PEARL,IMPORTAÇÃO,189,52.224,CALCARIO,47,11.48,ISS MARINE,15/08/23,11/08/23
9643805,CHIOS LUCK,IMPORTAÇÃO,180,36.612,(PÓ,6.300,10.3,LBH BRASIL,23/08/23,11/08/23
9606120,VALOVINE,IMPORTAÇÃO,190,52.000,"SUPERFOSFATO,TEOR",47.050,11.5,ALPHAMAR,28/08/23,11/08/23
9782986,ULTRA TATIO,IMPORTAÇÃO,180,37.927,ADUBOS,4.400,11.5,LBH BRASIL,03/09/23,11/08/23
9766176,FEDERAL RUHR,IMPORTAÇÃO,200,36.754,MOP,12.456,8.1,ORION RODOS,24/08/23,11/08/23
9782974,BERGE BEN NEVIS,IMPORTAÇÃO,180,37.681,OUT.TRIGOS,12,10,WILSON SONS SHIPPING SERVICES LTDA,25/08/23,11/08/23
9684225,STAR MISTRAL,IMPORTAÇÃO,199,63.306,MOP,19.547,7.29,ORION RODOS,09/08/23,11/08/23
9007532,JACAMAR ARROW,IMPORTAÇÃO,199,46.998,MAP,15.658,8.6,ROCHAMAR,13/08/23,12/08/23
9595723,GOLDEN KEEN,EXPORTAÇÃO,229,81.586,GRAOS,63.530,8,WILSON SONS SHIPPING SERVICES LTDA,08/08/23,11/08/23
9584499,WOOLLOOMOOLOO,EXPORTAÇÃO,224,76.064,GRAOS,720,7.79,FERTIMPORT,13/08/23,11/08/23
9473341,NESTOR S,EXPORTAÇÃO,225,75.039,MILHO,73.000,7,ALPHAMAR,13/08/23,11/08/23
9440394,SEACON 9,EXPORTAÇÃO,225,74.844,SOJA,63.000,6.85,ORION RODOS,19/08/23,11/08/23
9500883,HONG YUAN,EXPORTAÇÃO,225,76.573,MILHO,66.000,7.11,CARGONAVE,13/08/23,11/08/23
9414149,ULTRA TIGER,EXPORTAÇÃO,229,83.611,SOJA,66.000,7,ALPHAMAR,08/08/23,11/08/23
9144380,BRAGE R,TRANSBORDO,89,3.200,DIESEL,200,4,OCEANMAR SERVIÇOS MARÍTIMOS LTDA,20/09/21,11/08/23
9700342,SEAWAYS LOOKOUT,IMPORTAÇÃO,183,50.136,OUTRAS,33.874,10,WILSON SONS SHIPPING SERVICES LTDA,17/08/23,13/08/23
9595723,GOLDEN KEEN,EXPORTAÇÃO,229,81.586,OLEO.COMBUSTÍVEL,0,9,WILSON SONS SHIPPING SERVICES LTDA,08/08/23,11/08/23
9580120,GOLF,EXPORTAÇÃO,180,35.445,COBRE,161,7,WILHELMSEN PORT SERVICES BRASIL LTDA,17/04/22,11/08/23
9576727,TEAM VIEW,EXPORTAÇÃO,178,36.254,FERRO,34.000,7,LBH BRASIL,17/08/23,11/08/23
9559200,DN 204,TRANSBORDO,29,381,BUNKER,3.000,2.44,ORION RODOS,26/02/22,11/08/23
9335123,MILOU,IMPORTAÇÃO,184,37.488,DIESEL,31.991,10.6,WILSON SONS SHIPPING SERVICES LTDA,19/08/23,11/08/23
9845166,FPMC 34,IMPORTAÇÃO,183,49.781,GASOLINA,24.850,11.6,WORLD SHIPPING SLZ AGENCIAMENTOS MARITIMOS LTDA,15/08/23,11/08/23
9440394,SEACON 9,EXPORTAÇÃO,225,74.844,SOJA,63.000,6.85,ORION RODOS,21/08/23,20/08/23
9789910,MEDI ZUOZ,IMPORTAÇÃO,200,60.501,FERTILIZANTES,50.400,12.35,WILSON SONS SHIPPING SERVICES LTDA,03/09/23,19/08/23
9617430,CAPTAIN J. NEOFOTISTOS,EXPORTAÇÃO,229,79.510,MILHO,71.500,7.65,CARGONAVE,21/08/23,19/08/23
9942093,PORT KYOTO,IMPORTAÇÃO,199,63.590,MOP,17.198,7.54,ORION RODOS,23/08/23,19/08/23
9806782,SANTA JOHANNA,IMPORTAÇÃO,200,61.255,FERTILIZANTES,49.900,11.5,WILSON SONS SHIPPING SERVICES LTDA,27/09/23,19/08/23
9486568,SIGMA TRADER,IMPORTAÇÃO,190,37.302,FERTILIZANTES,23.125,10,ALPHAMAR,05/09/23,19/08/23
9606120,VALOVINE,IMPORTAÇÃO,190,52.000,"SUPERFOSFATO,TEOR",47.050,11.5,ALPHAMAR,31/08/23,19/08/23
9782974,BERGE BEN NEVIS,IMPORTAÇÃO,180,37.681,OUT.TRIGOS,12,10,WILSON SONS SHIPPING SERVICES LTDA,29/08/23,19/08/23
9866768,FEDERAL FRONTIER,IMPORTAÇÃO,200,34.050,MOP,10.806,8,ORION RODOS,29/08/23,19/08/23
9566576,EXPLORER AMERICA,IMPORTAÇÃO,200,61.684,AMM.SULPHATE,44.000,9.5,ORION RODOS,27/09/23,19/08/23
9643805,CHIOS LUCK,IMPORTAÇÃO,180,36.612,(PÓ,6.300,10.3,LBH BRASIL,23/08/23,20/08/23
9596832,DARCY RIBEIRO,IMPORTAÇÃO,117,5.583,GLP,3.500,6.3,LACHMANN,17/08/23,19/08/23
9468085,ALANIS,IMPORTAÇÃO,138,12.594,AQUECEDORES,620,6.8,UNIMAR,29/08/23,19/08/23
9300178,HAINAN ISLAND,IMPORTAÇÃO,177,32.573,MAP,9.900,10,ROCHAMAR,15/09/23,19/08/23
9766176,FEDERAL RUHR,IMPORTAÇÃO,200,36.754,MOP,12.456,6.95,ORION RODOS,26/08/23,19/08/23
9925760,ULTRA RELIANCE,EXPORTAÇÃO,200,63.662,COBRE,0,8.68,WILHELMSEN PORT SERVICES BRASIL LTDA,22/08/23,19/08/23
9427342,KARPATHOS DAWN,IMPORTAÇÃO,190,56.700,FERTILIZANTES,18.000,10.3,LBH BRASIL,02/09/23,19/08/23
9782986,ULTRA TATIO,IMPORTAÇÃO,180,37.927,ADUBOS,4.400,11.5,LBH BRASIL,05/09/23,19/08/23
9719575,STEFANOS,EXPORTAÇÃO,229,81.237,SOJA,700,8.1,LBH BRASIL,21/08/23,19/08/23
9696424,LETO.,EXPORTAÇÃO,200,63.485,MILHO,60.421,7.51,L.M.A. SHIPPING & CONSULTING,18/08/23,19/08/23
9684225,STAR MISTRAL,EXPORTAÇÃO,199,63.306,SOJA,55.000,6.4,FERTIMPORT,24/08/23,19/08/23
9530644,IOLCOS DIGNITY,EXPORTAÇÃO,229,34.317,GRAOS,736,8.4,LBH BRASIL,26/08/23,19/08/23
9919929,AGILITY DIVA,EXPORTAÇÃO,229,88.977,MILHO,77.000,7,ALPHAMAR,20/08/23,19/08/23
9520821,AMAMI,EXPORTAÇÃO,240,98.681,GRAOS,76.000,7.3,LBH BRASIL,09/09/23,19/08/23
9363493,BOW HECTOR,IMPORTAÇÃO,174,33.694,HIDRÓXIDO,8.000,6.5,LBH BRASIL,29/08/23,19/08/23
9144380,BRAGE R,TRANSBORDO,89,3.200,DIESEL,200,4,OCEANMAR SERVIÇOS MARÍTIMOS LTDA,20/09/21,19/08/23
9512757,ANDIAMO,IMPORTAÇÃO,180,48.023,GASOLINAS,52.699,12,LACHMANN,21/08/23,19/08/23
9582960,TATRY,EXPORTAÇÃO,229,82.138,GRAOS,66.000,6.8,FERTIMPORT,24/08/23,19/08/23
9580120,GOLF,EXPORTAÇÃO,180,35.445,COBRE,161,7,WILHELMSEN PORT SERVICES BRASIL LTDA,17/04/22,19/08/23
9559200,DN 204,TRANSBORDO,29,381,BUNKER,3.000,2.44,ORION RODOS,26/02/22,19/08/23
9472751,UOG SYROS,IMPORTAÇÃO,183,51.745,DIESEL,35.459,10,WILSON SONS SHIPPING SERVICES LTDA,24/08/23,19/08/23
9186780,TEAL ARROW,EXPORTAÇÃO,173,36.466,CELULOSE,30.000,7,WILSON SONS SHIPPING SERVICES LTDA,26/08/23,25/08/23
9634842,STAR CALYPSO,EXPORTAÇÃO,229,81.890,MILHO,71.500,7,ALPHAMAR,25/08/23,25/08/23
9789910,MEDI ZUOZ,IMPORTAÇÃO,200,60.501,FERTILIZANTES,50.400,12.35,WILSON SONS SHIPPING SERVICES LTDA,03/09/23,25/08/23
9615406,MODIGLIANI,EXPORTAÇÃO,229,81.767,MILHO,68.000,7.32,L.M.A. SHIPPING & CONSULTING,01/09/23,25/08/23
9566576,EXPLORER AMERICA,IMPORTAÇÃO,200,61.684,NP 11-44,44.000,10.4,ORION RODOS,27/09/23,25/08/23
9766176,FEDERAL RUHR,IMPORTAÇÃO,200,36.754,MOP,12.456,6.95,ORION RODOS,26/08/23,25/08/23
9806782,SANTA JOHANNA,IMPORTAÇÃO,200,61.255,FERTILIZANTES,49.900,11.5,WILSON SONS SHIPPING SERVICES LTDA,27/09/23,25/08/23
9683128,BULK BEQUIA,IMPORTAÇÃO,195,61.309,FERTILIZANTES,25.000,11,WILHELMSEN PORT SERVICES BRASIL LTDA,02/09/23,25/08/23
9486568,SIGMA TRADER,IMPORTAÇÃO,190,37.302,FERTILIZANTES,23.125,10,ALPHAMAR,27/08/23,25/08/23
9606120,VALOVINE,IMPORTAÇÃO,190,52.000,FERTILIZANTES,43.150,11.5,ALPHAMAR,01/09/23,25/08/23
9934199,JOSCO BINZHOU,IMPORTAÇÃO,200,64.240,FERTILIZANTES,49.900,11.5,WORLD SHIPPING SLZ AGENCIAMENTOS MARITIMOS LTDA,14/09/23,25/08/23
9866768,FEDERAL FRONTIER,IMPORTAÇÃO,200,34.050,MOP,10.806,8,ORION RODOS,29/08/23,25/08/23
9596856,LUCIO COSTA,IMPORTAÇÃO,118,5.583,GLP,3.500,6.9,LACHMANN,23/08/23,25/08/23
9468085,ALANIS,IMPORTAÇÃO,138,12.594,AQUECEDORES,620,6.8,UNIMAR,29/08/23,25/08/23
9300178,HAINAN ISLAND,IMPORTAÇÃO,177,32.573,MAP,9.900,10,ROCHAMAR,15/09/23,25/08/23
9782974,BERGE BEN NEVIS,IMPORTAÇÃO,180,38.867,OUT.TRIGOS,13.000,10,WILSON SONS SHIPPING SERVICES LTDA,29/08/23,25/08/23
9427342,KARPATHOS DAWN,IMPORTAÇÃO,190,56.700,FERTILIZANTES,18.000,10.3,LBH BRASIL,02/09/23,25/08/23
9782986,ULTRA TATIO,IMPORTAÇÃO,180,37.927,ADUBOS,4.400,11.5,LBH BRASIL,06/09/23,25/08/23
9530644,IOLCOS DIGNITY,EXPORTAÇÃO,229,34.317,GRAOS,73.644,8.4,LBH BRASIL,25/08/23,25/08/23
9764037,MEDI KAZAHAYA,EXPORTAÇÃO,229,81.774,SOJA,70.200,7,ALPHAMAR,04/09/23,25/08/23
9520821,AMAMI,EXPORTAÇÃO,240,98.681,GRAOS,76.000,7.3,LBH BRASIL,10/09/23,25/08/23
9247285,ATHINA III,EXPORTAÇÃO,225,73.305,MILHO,66.000,6.98,CARGONAVE,31/08/23,25/08/23
9544097,PRIMROSE ATLANTIC,EXPORTAÇÃO,229,81.879,SOJA,71.500,6.77,ALPHAMAR,31/08/23,25/08/23
9696424,LETO.,EXPORTAÇÃO,200,63.485,MILHO,60.421,7.51,L.M.A. SHIPPING & CONSULTING,18/08/23,25/08/23
9937268,ELITE DIVA,EXPORTAÇÃO,229,82.412,MILHO,74.450,7,ALPHAMAR,01/09/23,25/08/23
9363493,BOW HECTOR,IMPORTAÇÃO,174,33.694,HIDRÓXIDO,8.000,6.5,LBH BRASIL,30/08/23,25/08/23
9472751,UOG SYROS,IMPORTAÇÃO,183,51.745,OUTRAS,28.638,10,WILSON SONS SHIPPING SERVICES LTDA,26/08/23,25/08/23
9144380,BRAGE R,TRANSBORDO,89,3.200,DIESEL,200,4,OCEANMAR SERVIÇOS MARÍTIMOS LTDA,20/09/21,25/08/23
9423906,BACHATA,IMPORTAÇÃO,189,50.094,OLEO.COMBUSTÍVEL,4.000,8,LACHMANN,24/08/23,25/08/23
9831696,FPMC 31,IMPORTAÇÃO,183,49.731,OUTRAS,17.200,11.5,NORTH STAR,29/08/23,25/08/23
9580120,GOLF,EXPORTAÇÃO,180,35.445,COBRE,161,7,WILHELMSEN PORT SERVICES BRASIL LTDA,17/04/22,25/08/23
9582960,TATRY,EXPORTAÇÃO,229,82.138,GRAOS,66.000,6.8,FERTIMPORT,24/08/23,25/08/23
9559200,DN 204,TRANSBORDO,29,381,BUNKER,3.000,2.44,ORION RODOS,26/02/22,25/08/23
9706841,STI BROOKLYN,IMPORTAÇÃO,183,49.990,DIESEL,38.499,11.75,GAC DO BRASIL,30/08/23,25/08/23
9825001,SALIGNA,EXPORTAÇÃO,202,62.357,CELULOSE,16.078,7,WILSON SONS SHIPPING SERVICES LTDA,04/09/23,27/08/23
9789910,MEDI ZUOZ,IMPORTAÇÃO,200,60.501,FERTILIZANTES,50.400,12.35,WILSON SONS SHIPPING SERVICES LTDA,03/09/23,27/08/23
9696424,LETO.,EXPORTAÇÃO,200,63.485,MILHO,60.421,7.51,L.M.A. SHIPPING & CONSULTING,18/08/23,27/08/23
9615406,MODIGLIANI,EXPORTAÇÃO,229,81.767,MILHO,68.000,7.32,L.M.A. SHIPPING & CONSULTING,01/09/23,27/08/23
9806782,SANTA JOHANNA,IMPORTAÇÃO,200,61.255,FERTILIZANTES,49.900,11.5,WILSON SONS SHIPPING SERVICES LTDA,27/09/23,27/08/23
9606120,VALOVINE,IMPORTAÇÃO,190,52.000,FERTILIZANTES,43.150,11.5,ALPHAMAR,01/09/23,27/08/23
9683128,BULK BEQUIA,IMPORTAÇÃO,195,61.309,FERTILIZANTES,25.000,11,WILHELMSEN PORT SERVICES BRASIL LTDA,02/09/23,27/08/23
9298519,TAI HONOR,IMPORTAÇÃO,190,52.220,FERTILIZANTES,43.125,11,LBH BRASIL,08/09/23,27/08/23
9566576,EXPLORER AMERICA,IMPORTAÇÃO,200,61.684,NP 11-44,44.000,10.4,ORION RODOS,27/09/23,27/08/23
9934199,JOSCO BINZHOU,IMPORTAÇÃO,200,64.240,FERTILIZANTES,49.900,11.5,WORLD SHIPPING SLZ AGENCIAMENTOS MARITIMOS LTDA,14/09/23,27/08/23
9486568,SIGMA TRADER,IMPORTAÇÃO,190,37.302,FERTILIZANTES,23.125,10,ALPHAMAR,27/08/23,27/08/23
9596856,LUCIO COSTA,IMPORTAÇÃO,118,5.583,GLP,3.500,6.9,LACHMANN,23/08/23,27/08/23
9468085,ALANIS,IMPORTAÇÃO,138,12.594,AQUECEDORES,620,6.8,UNIMAR,29/08/23,27/08/23
9300178,HAINAN ISLAND,IMPORTAÇÃO,177,32.573,MAP,9.900,10,ROCHAMAR,15/09/23,27/08/23
9782974,BERGE BEN NEVIS,IMPORTAÇÃO,180,38.867,OUT.TRIGOS,13.000,10,WILSON SONS SHIPPING SERVICES LTDA,29/08/23,27/08/23
9427342,KARPATHOS DAWN,IMPORTAÇÃO,190,56.700,FERTILIZANTES,18.000,10.3,LBH BRASIL,03/09/23,27/08/23
9782986,ULTRA TATIO,IMPORTAÇÃO,180,37.927,ADUBOS,4.400,11.5,LBH BRASIL,28/09/23,27/08/23
9766176,FEDERAL RUHR,IMPORTAÇÃO,200,36.754,MOP,12.456,6.95,ORION RODOS,26/08/23,27/08/23
9866768,FEDERAL FRONTIER,IMPORTAÇÃO,200,34.050,MOP,10.806,8,ORION RODOS,29/08/23,27/08/23
9247285,ATHINA III,EXPORTAÇÃO,225,73.305,MILHO,66.000,6.98,CARGONAVE,31/08/23,27/08/23
9937268,ELITE DIVA,EXPORTAÇÃO,229,82.412,MILHO,74.450,7,ALPHAMAR,01/09/23,27/08/23
9520821,AMAMI,EXPORTAÇÃO,240,98.681,GRAOS,76.000,7.3,LBH BRASIL,10/09/23,27/08/23
9544097,PRIMROSE ATLANTIC,EXPORTAÇÃO,229,81.879,SOJA,71.500,6.77,ALPHAMAR,31/08/23,27/08/23
9764037,MEDI KAZAHAYA,EXPORTAÇÃO,229,81.774,SOJA,70.200,7,ALPHAMAR,04/09/23,27/08/23
9706841,STI BROOKLYN,IMPORTAÇÃO,183,49.990,DIESEL,38.499,11.75,GAC DO BRASIL,30/08/23,27/08/23
9144380,BRAGE R,TRANSBORDO,89,3.200,DIESEL,200,4,OCEANMAR SERVIÇOS MARÍTIMOS LTDA,20/09/21,27/08/23
9363493,BOW HECTOR,IMPORTAÇÃO,174,33.694,HIDRÓXIDO,8.000,6.5,LBH BRASIL,30/08/23,27/08/23
9307827,MINERVA VIRGO,IMPORTAÇÃO,183,49.990,DIESEL,20.000,10,WILSON SONS SHIPPING SERVICES LTDA,07/09/23,27/08/23
9407407,HORIZON THEONI,IMPORTAÇÃO,183,49.997,DIESEL,27.600,9.8,LACHMANN,27/08/23,27/08/23
9472751,UOG SYROS,IMPORTAÇÃO,183,51.745,OUTRAS,28.638,10,WILSON SONS SHIPPING SERVICES LTDA,26/08/23,27/08/23
9580120,GOLF,EXPORTAÇÃO,180,35.445,COBRE,161,7,WILHELMSEN PORT SERVICES BRASIL LTDA,17/04/22,27/08/23
9487627,ATHINA L,EXPORTAÇÃO,229,81.358,MILHO,70.000,7,ALPHAMAR,28/08/23,27/08/23
9831696,FPMC 31,IMPORTAÇÃO,183,49.731,OUTRAS,17.200,11.5,NORTH STAR,29/08/23,27/08/23
9700342,SEAWAYS LOOKOUT,IMPORTAÇÃO,183,50.136,OUTRAS,22.376,10,WILSON SONS SHIPPING SERVICES LTDA,04/09/23,27/08/23
9559200,DN 204,TRANSBORDO,29,381,BUNKER,3.000,2.44,ORION RODOS,26/02/22,27/08/23
